algorithm_type,params,s_epe,s_mse,a_mse,combined_score
DIS,finest_scale=0; patch_size=4; patch_stride=2; grad_descent_iter=8; var_refine_iter=3; var_refine_alpha=20.0; var_refine_delta=2.0; var_refine_gamma=5.0; use_mean_normalization=True; use_spatial_propagation=False,13.294555513855471,565.2904,565.2904,0.17419129823682034
DIS,finest_scale=0; patch_size=4; patch_stride=2; grad_descent_iter=8; var_refine_iter=3; var_refine_alpha=20.0; var_refine_delta=2.0; var_refine_gamma=10.0; use_mean_normalization=True; use_spatial_propagation=False,13.982764344060438,423.74713,423.74713,0.1627117722582342
DIS,finest_scale=0; patch_size=4; patch_stride=2; grad_descent_iter=8; var_refine_iter=3; var_refine_alpha=20.0; var_refine_delta=5.0; var_refine_gamma=5.0; use_mean_normalization=True; use_spatial_propagation=False,13.737311680850855,477.40558,477.40558,0.1671871624965467
DIS,finest_scale=0; patch_size=4; patch_stride=2; grad_descent_iter=8; var_refine_iter=3; var_refine_alpha=20.0; var_refine_delta=5.0; var_refine_gamma=10.0; use_mean_normalization=True; use_spatial_propagation=False,14.161710962698413,382.81836,382.81836,0.1592318926755234
DIS,finest_scale=0; patch_size=4; patch_stride=2; grad_descent_iter=8; var_refine_iter=3; var_refine_alpha=40.0; var_refine_delta=2.0; var_refine_gamma=5.0; use_mean_normalization=True; use_spatial_propagation=False,12.264114287031163,743.9677,743.9677,0.18738904926405325
DIS,finest_scale=0; patch_size=4; patch_stride=2; grad_descent_iter=8; var_refine_iter=3; var_refine_alpha=40.0; var_refine_delta=2.0; var_refine_gamma=10.0; use_mean_normalization=True; use_spatial_propagation=False,13.086076841038217,603.5526,603.5526,0.1771149338506202
DIS,finest_scale=0; patch_size=4; patch_stride=2; grad_descent_iter=8; var_refine_iter=3; var_refine_alpha=40.0; var_refine_delta=5.0; var_refine_gamma=5.0; use_mean_normalization=True; use_spatial_propagation=False,12.751422474908214,664.3028,664.3028,0.1817277195066403
DIS,finest_scale=0; patch_size=4; patch_stride=2; grad_descent_iter=8; var_refine_iter=3; var_refine_alpha=40.0; var_refine_delta=5.0; var_refine_gamma=10.0; use_mean_normalization=True; use_spatial_propagation=False,13.384765283877343,547.5479,547.5479,0.17278387613387658
DIS,finest_scale=0; patch_size=4; patch_stride=2; grad_descent_iter=8; var_refine_iter=5; var_refine_alpha=20.0; var_refine_delta=2.0; var_refine_gamma=5.0; use_mean_normalization=True; use_spatial_propagation=False,13.076015369359306,614.52563,614.52563,0.17835120553782505
DIS,finest_scale=0; patch_size=4; patch_stride=2; grad_descent_iter=8; var_refine_iter=5; var_refine_alpha=20.0; var_refine_delta=2.0; var_refine_gamma=10.0; use_mean_normalization=True; use_spatial_propagation=False,13.960116517101474,437.58878,437.58878,0.16419158482793766
DIS,finest_scale=0; patch_size=4; patch_stride=2; grad_descent_iter=8; var_refine_iter=5; var_refine_alpha=20.0; var_refine_delta=5.0; var_refine_gamma=5.0; use_mean_normalization=True; use_spatial_propagation=False,13.648315996624635,508.52826,508.52826,0.17020992348152486
DIS,finest_scale=0; patch_size=4; patch_stride=2; grad_descent_iter=8; var_refine_iter=5; var_refine_alpha=20.0; var_refine_delta=5.0; var_refine_gamma=10.0; use_mean_normalization=True; use_spatial_propagation=False,14.16679515336823,391.11545,391.11545,0.16026821708837125
DIS,finest_scale=0; patch_size=4; patch_stride=2; grad_descent_iter=8; var_refine_iter=5; var_refine_alpha=40.0; var_refine_delta=2.0; var_refine_gamma=5.0; use_mean_normalization=True; use_spatial_propagation=False,11.744764461134974,826.8371,826.8371,0.19317857783250098
DIS,finest_scale=0; patch_size=4; patch_stride=2; grad_descent_iter=8; var_refine_iter=5; var_refine_alpha=40.0; var_refine_delta=2.0; var_refine_gamma=10.0; use_mean_normalization=True; use_spatial_propagation=False,12.802969879214928,662.76337,662.76337,0.18195536159519327
DIS,finest_scale=0; patch_size=4; patch_stride=2; grad_descent_iter=8; var_refine_iter=5; var_refine_alpha=40.0; var_refine_delta=5.0; var_refine_gamma=5.0; use_mean_normalization=True; use_spatial_propagation=False,12.362369055857865,739.7359,739.7359,0.18766726329176114
DIS,finest_scale=0; patch_size=4; patch_stride=2; grad_descent_iter=8; var_refine_iter=5; var_refine_alpha=40.0; var_refine_delta=5.0; var_refine_gamma=10.0; use_mean_normalization=True; use_spatial_propagation=False,13.192840579883228,593.6621,593.6621,0.1767821811734515
DIS,finest_scale=0; patch_size=4; patch_stride=2; grad_descent_iter=12; var_refine_iter=3; var_refine_alpha=20.0; var_refine_delta=2.0; var_refine_gamma=5.0; use_mean_normalization=True; use_spatial_propagation=False,13.715510772216339,477.94843,477.94843,0.16707789937891976
DIS,finest_scale=0; patch_size=4; patch_stride=2; grad_descent_iter=12; var_refine_iter=3; var_refine_alpha=20.0; var_refine_delta=2.0; var_refine_gamma=10.0; use_mean_normalization=True; use_spatial_propagation=False,14.222104767991627,365.60333,365.60333,0.15764923926221153
DIS,finest_scale=0; patch_size=4; patch_stride=2; grad_descent_iter=12; var_refine_iter=3; var_refine_alpha=20.0; var_refine_delta=5.0; var_refine_gamma=5.0; use_mean_normalization=True; use_spatial_propagation=False,14.056783507231469,407.04507,407.04507,0.1612996784048366
DIS,finest_scale=0; patch_size=4; patch_stride=2; grad_descent_iter=12; var_refine_iter=3; var_refine_alpha=20.0; var_refine_delta=5.0; var_refine_gamma=10.0; use_mean_normalization=True; use_spatial_propagation=False,14.359558411828118,331.70425,331.70425,0.15468097806685321
DIS,finest_scale=0; patch_size=4; patch_stride=2; grad_descent_iter=12; var_refine_iter=3; var_refine_alpha=40.0; var_refine_delta=2.0; var_refine_gamma=5.0; use_mean_normalization=True; use_spatial_propagation=False,12.842820828888279,648.31287,648.31287,0.18054011361387146
DIS,finest_scale=0; patch_size=4; patch_stride=2; grad_descent_iter=12; var_refine_iter=3; var_refine_alpha=40.0; var_refine_delta=2.0; var_refine_gamma=10.0; use_mean_normalization=True; use_spatial_propagation=False,13.544508358883036,511.56317,511.56317,0.1697436467591697
DIS,finest_scale=0; patch_size=4; patch_stride=2; grad_descent_iter=12; var_refine_iter=3; var_refine_alpha=40.0; var_refine_delta=5.0; var_refine_gamma=5.0; use_mean_normalization=True; use_spatial_propagation=False,13.275546169102167,568.91986,568.91986,0.1744747546181677
DIS,finest_scale=0; patch_size=4; patch_stride=2; grad_descent_iter=12; var_refine_iter=3; var_refine_alpha=40.0; var_refine_delta=5.0; var_refine_gamma=10.0; use_mean_normalization=True; use_spatial_propagation=False,13.79171262939541,462.72186,462.72186,0.16586032640018214
DIS,finest_scale=0; patch_size=4; patch_stride=2; grad_descent_iter=12; var_refine_iter=5; var_refine_alpha=20.0; var_refine_delta=2.0; var_refine_gamma=5.0; use_mean_normalization=True; use_spatial_propagation=False,13.475321721600125,537.51794,537.51794,0.17230473104370936
DIS,finest_scale=0; patch_size=4; patch_stride=2; grad_descent_iter=12; var_refine_iter=5; var_refine_alpha=20.0; var_refine_delta=2.0; var_refine_gamma=10.0; use_mean_normalization=True; use_spatial_propagation=False,14.170795351791691,386.83298,386.83298,0.15978632232966672
DIS,finest_scale=0; patch_size=4; patch_stride=2; grad_descent_iter=12; var_refine_iter=5; var_refine_alpha=20.0; var_refine_delta=5.0; var_refine_gamma=5.0; use_mean_normalization=True; use_spatial_propagation=False,13.938241503918325,441.30444,441.30444,0.1644624684435857
DIS,finest_scale=0; patch_size=4; patch_stride=2; grad_descent_iter=12; var_refine_iter=5; var_refine_alpha=20.0; var_refine_delta=5.0; var_refine_gamma=10.0; use_mean_normalization=True; use_spatial_propagation=False,14.336436403660386,345.0337,345.0337,0.1560955373475425
DIS,finest_scale=0; patch_size=4; patch_stride=2; grad_descent_iter=12; var_refine_iter=5; var_refine_alpha=40.0; var_refine_delta=2.0; var_refine_gamma=5.0; use_mean_normalization=True; use_spatial_propagation=False,12.295467544069494,749.9504,749.9504,0.1883577909149377
DIS,finest_scale=0; patch_size=4; patch_stride=2; grad_descent_iter=12; var_refine_iter=5; var_refine_alpha=40.0; var_refine_delta=2.0; var_refine_gamma=10.0; use_mean_normalization=True; use_spatial_propagation=False,13.24185381575494,581.5768,581.5768,0.17572404644839518
DIS,finest_scale=0; patch_size=4; patch_stride=2; grad_descent_iter=12; var_refine_iter=5; var_refine_alpha=40.0; var_refine_delta=5.0; var_refine_gamma=5.0; use_mean_normalization=True; use_spatial_propagation=False,12.865658199284898,652.8705,652.8705,0.1812697224457616
DIS,finest_scale=0; patch_size=4; patch_stride=2; grad_descent_iter=12; var_refine_iter=5; var_refine_alpha=40.0; var_refine_delta=5.0; var_refine_gamma=10.0; use_mean_normalization=True; use_spatial_propagation=False,13.57783467339163,517.12225,517.12225,0.1706773524595646
DIS,finest_scale=0; patch_size=4; patch_stride=4; grad_descent_iter=8; var_refine_iter=3; var_refine_alpha=20.0; var_refine_delta=2.0; var_refine_gamma=5.0; use_mean_normalization=True; use_spatial_propagation=False,13.113587647239754,617.4622,617.4622,0.17900416642078076
DIS,finest_scale=0; patch_size=4; patch_stride=4; grad_descent_iter=8; var_refine_iter=3; var_refine_alpha=20.0; var_refine_delta=2.0; var_refine_gamma=10.0; use_mean_normalization=True; use_spatial_propagation=False,13.55869042678577,532.8049,532.8049,0.17240611456266264
DIS,finest_scale=0; patch_size=4; patch_stride=4; grad_descent_iter=8; var_refine_iter=3; var_refine_alpha=20.0; var_refine_delta=5.0; var_refine_gamma=5.0; use_mean_normalization=True; use_spatial_propagation=False,13.396955320742299,565.8264,565.8264,0.1750748175542082
DIS,finest_scale=0; patch_size=4; patch_stride=4; grad_descent_iter=8; var_refine_iter=3; var_refine_alpha=20.0; var_refine_delta=5.0; var_refine_gamma=10.0; use_mean_normalization=True; use_spatial_propagation=False,13.740128190014241,498.31885,498.31885,0.16971929225876714
DIS,finest_scale=0; patch_size=4; patch_stride=4; grad_descent_iter=8; var_refine_iter=3; var_refine_alpha=40.0; var_refine_delta=2.0; var_refine_gamma=5.0; use_mean_normalization=True; use_spatial_propagation=False,12.671164371647274,692.6805,692.6805,0.1844909723446992
DIS,finest_scale=0; patch_size=4; patch_stride=4; grad_descent_iter=8; var_refine_iter=3; var_refine_alpha=40.0; var_refine_delta=2.0; var_refine_gamma=10.0; use_mean_normalization=True; use_spatial_propagation=False,13.007043675491204,637.17096,637.17096,0.18051686734683506
DIS,finest_scale=0; patch_size=4; patch_stride=4; grad_descent_iter=8; var_refine_iter=3; var_refine_alpha=40.0; var_refine_delta=5.0; var_refine_gamma=5.0; use_mean_normalization=True; use_spatial_propagation=False,12.870781577242678,658.731,658.731,0.18201397722254803
DIS,finest_scale=0; patch_size=4; patch_stride=4; grad_descent_iter=8; var_refine_iter=3; var_refine_alpha=40.0; var_refine_delta=5.0; var_refine_gamma=10.0; use_mean_normalization=True; use_spatial_propagation=False,13.166930611341044,608.2431,608.2431,0.17832461812423742
DIS,finest_scale=0; patch_size=4; patch_stride=4; grad_descent_iter=8; var_refine_iter=5; var_refine_alpha=20.0; var_refine_delta=2.0; var_refine_gamma=5.0; use_mean_normalization=True; use_spatial_propagation=False,12.93576968781918,651.43835,651.43835,0.18165876671256778
DIS,finest_scale=0; patch_size=4; patch_stride=4; grad_descent_iter=8; var_refine_iter=5; var_refine_alpha=20.0; var_refine_delta=2.0; var_refine_gamma=10.0; use_mean_normalization=True; use_spatial_propagation=False,13.665241166794939,510.73706,510.73706,0.17061037924762285
DIS,finest_scale=0; patch_size=4; patch_stride=4; grad_descent_iter=8; var_refine_iter=5; var_refine_alpha=20.0; var_refine_delta=5.0; var_refine_gamma=5.0; use_mean_normalization=True; use_spatial_propagation=False,13.382640756557024,570.08105,570.08105,0.17547085952671082
DIS,finest_scale=0; patch_size=4; patch_stride=4; grad_descent_iter=8; var_refine_iter=5; var_refine_alpha=20.0; var_refine_delta=5.0; var_refine_gamma=10.0; use_mean_normalization=True; use_spatial_propagation=False,13.90035823153291,464.04965,464.04965,0.16688882560863766
DIS,finest_scale=0; patch_size=4; patch_stride=4; grad_descent_iter=8; var_refine_iter=5; var_refine_alpha=40.0; var_refine_delta=2.0; var_refine_gamma=5.0; use_mean_normalization=True; use_spatial_propagation=False,12.124066510198393,780.49335,780.49335,0.19065173185585244
DIS,finest_scale=0; patch_size=4; patch_stride=4; grad_descent_iter=8; var_refine_iter=5; var_refine_alpha=40.0; var_refine_delta=2.0; var_refine_gamma=10.0; use_mean_normalization=True; use_spatial_propagation=False,12.750977047099632,683.48425,683.48425,0.1840259235526241
DIS,finest_scale=0; patch_size=4; patch_stride=4; grad_descent_iter=8; var_refine_iter=5; var_refine_alpha=40.0; var_refine_delta=5.0; var_refine_gamma=5.0; use_mean_normalization=True; use_spatial_propagation=False,12.484243684655599,726.67865,726.67865,0.18707539577202936
DIS,finest_scale=0; patch_size=4; patch_stride=4; grad_descent_iter=8; var_refine_iter=5; var_refine_alpha=40.0; var_refine_delta=5.0; var_refine_gamma=10.0; use_mean_normalization=True; use_spatial_propagation=False,13.02123618976664,636.653,636.653,0.180568254717699
DIS,finest_scale=0; patch_size=4; patch_stride=4; grad_descent_iter=12; var_refine_iter=3; var_refine_alpha=20.0; var_refine_delta=2.0; var_refine_gamma=5.0; use_mean_normalization=True; use_spatial_propagation=False,13.606970327621164,525.0426,525.0426,0.17186087473253778
DIS,finest_scale=0; patch_size=4; patch_stride=4; grad_descent_iter=12; var_refine_iter=3; var_refine_alpha=20.0; var_refine_delta=2.0; var_refine_gamma=10.0; use_mean_normalization=True; use_spatial_propagation=False,13.903323650115482,463.00507,463.00507,0.1667872003893356
DIS,finest_scale=0; patch_size=4; patch_stride=4; grad_descent_iter=12; var_refine_iter=3; var_refine_alpha=20.0; var_refine_delta=5.0; var_refine_gamma=5.0; use_mean_normalization=True; use_spatial_propagation=False,13.814540718249116,483.6089,483.6089,0.16854939347904233
DIS,finest_scale=0; patch_size=4; patch_stride=4; grad_descent_iter=12; var_refine_iter=3; var_refine_alpha=20.0; var_refine_delta=5.0; var_refine_gamma=10.0; use_mean_normalization=True; use_spatial_propagation=False,14.024696828295209,439.2386,439.2386,0.16490620787039928
DIS,finest_scale=0; patch_size=4; patch_stride=4; grad_descent_iter=12; var_refine_iter=3; var_refine_alpha=40.0; var_refine_delta=2.0; var_refine_gamma=5.0; use_mean_normalization=True; use_spatial_propagation=False,13.281109494462218,587.14197,587.14197,0.17670591721927809
DIS,finest_scale=0; patch_size=4; patch_stride=4; grad_descent_iter=12; var_refine_iter=3; var_refine_alpha=40.0; var_refine_delta=2.0; var_refine_gamma=10.0; use_mean_normalization=True; use_spatial_propagation=False,13.525598137108569,541.25287,541.25287,0.17315513204358485
DIS,finest_scale=0; patch_size=4; patch_stride=4; grad_descent_iter=12; var_refine_iter=3; var_refine_alpha=40.0; var_refine_delta=5.0; var_refine_gamma=5.0; use_mean_normalization=True; use_spatial_propagation=False,13.438032873603555,558.1236,558.1236,0.1744790965965021
DIS,finest_scale=0; patch_size=4; patch_stride=4; grad_descent_iter=12; var_refine_iter=3; var_refine_alpha=40.0; var_refine_delta=5.0; var_refine_gamma=10.0; use_mean_normalization=True; use_spatial_propagation=False,13.644061097776767,518.34344,518.34344,0.17135370559911628
DIS,finest_scale=0; patch_size=4; patch_stride=4; grad_descent_iter=12; var_refine_iter=5; var_refine_alpha=20.0; var_refine_delta=2.0; var_refine_gamma=5.0; use_mean_normalization=True; use_spatial_propagation=False,13.42050326978927,560.95734,560.95734,0.174678911715012
DIS,finest_scale=0; patch_size=4; patch_stride=4; grad_descent_iter=12; var_refine_iter=5; var_refine_alpha=20.0; var_refine_delta=2.0; var_refine_gamma=10.0; use_mean_normalization=True; use_spatial_propagation=False,13.946348865313098,451.79865,451.79865,0.16578663191781653
DIS,finest_scale=0; patch_size=4; patch_stride=4; grad_descent_iter=12; var_refine_iter=5; var_refine_alpha=20.0; var_refine_delta=5.0; var_refine_gamma=5.0; use_mean_normalization=True; use_spatial_propagation=False,13.74861042539219,494.767,494.767,0.1693609247775825
DIS,finest_scale=0; patch_size=4; patch_stride=4; grad_descent_iter=12; var_refine_iter=5; var_refine_alpha=20.0; var_refine_delta=5.0; var_refine_gamma=10.0; use_mean_normalization=True; use_spatial_propagation=False,14.126415575115553,412.71356,412.71356,0.16253695432995696
DIS,finest_scale=0; patch_size=4; patch_stride=4; grad_descent_iter=12; var_refine_iter=5; var_refine_alpha=40.0; var_refine_delta=2.0; var_refine_gamma=5.0; use_mean_normalization=True; use_spatial_propagation=False,12.753118436199703,686.2748,686.2748,0.18437792101035338
DIS,finest_scale=0; patch_size=4; patch_stride=4; grad_descent_iter=12; var_refine_iter=5; var_refine_alpha=40.0; var_refine_delta=2.0; var_refine_gamma=10.0; use_mean_normalization=True; use_spatial_propagation=False,13.262279729618694,591.3453,591.3453,0.17705967595636102
DIS,finest_scale=0; patch_size=4; patch_stride=4; grad_descent_iter=12; var_refine_iter=5; var_refine_alpha=40.0; var_refine_delta=5.0; var_refine_gamma=5.0; use_mean_normalization=True; use_spatial_propagation=False,13.05555460753753,631.0834,631.0834,0.18017444772741908
DIS,finest_scale=0; patch_size=4; patch_stride=4; grad_descent_iter=12; var_refine_iter=5; var_refine_alpha=40.0; var_refine_delta=5.0; var_refine_gamma=10.0; use_mean_normalization=True; use_spatial_propagation=False,13.48649847797355,548.0643,548.0643,0.17365970071489023
DIS,finest_scale=0; patch_size=8; patch_stride=2; grad_descent_iter=8; var_refine_iter=3; var_refine_alpha=20.0; var_refine_delta=2.0; var_refine_gamma=5.0; use_mean_normalization=True; use_spatial_propagation=False,13.132326284895933,593.36163,593.36163,0.17626200600346403
DIS,finest_scale=0; patch_size=8; patch_stride=2; grad_descent_iter=8; var_refine_iter=3; var_refine_alpha=20.0; var_refine_delta=2.0; var_refine_gamma=10.0; use_mean_normalization=True; use_spatial_propagation=False,13.665994693740803,477.38297,477.38297,0.16661391458832897
DIS,finest_scale=0; patch_size=8; patch_stride=2; grad_descent_iter=8; var_refine_iter=3; var_refine_alpha=20.0; var_refine_delta=5.0; var_refine_gamma=5.0; use_mean_normalization=True; use_spatial_propagation=False,13.502714373819932,523.393,523.393,0.17082888007682884
DIS,finest_scale=0; patch_size=8; patch_stride=2; grad_descent_iter=8; var_refine_iter=3; var_refine_alpha=20.0; var_refine_delta=5.0; var_refine_gamma=10.0; use_mean_normalization=True; use_spatial_propagation=False,13.858025642317108,439.3086,439.3086,0.1635812389121975
DIS,finest_scale=0; patch_size=8; patch_stride=2; grad_descent_iter=8; var_refine_iter=3; var_refine_alpha=40.0; var_refine_delta=2.0; var_refine_gamma=5.0; use_mean_normalization=True; use_spatial_propagation=False,12.442721812856297,724.5929,724.5929,0.1864929259930619
DIS,finest_scale=0; patch_size=8; patch_stride=2; grad_descent_iter=8; var_refine_iter=3; var_refine_alpha=40.0; var_refine_delta=2.0; var_refine_gamma=10.0; use_mean_normalization=True; use_spatial_propagation=False,12.96479401369292,623.5244,623.5244,0.17854128459130914
DIS,finest_scale=0; patch_size=8; patch_stride=2; grad_descent_iter=8; var_refine_iter=3; var_refine_alpha=40.0; var_refine_delta=5.0; var_refine_gamma=5.0; use_mean_normalization=True; use_spatial_propagation=False,12.794936965418598,663.27057,663.27057,0.1819519695282995
DIS,finest_scale=0; patch_size=8; patch_stride=2; grad_descent_iter=8; var_refine_iter=3; var_refine_alpha=40.0; var_refine_delta=5.0; var_refine_gamma=10.0; use_mean_normalization=True; use_spatial_propagation=False,13.20746355457156,580.9035,580.9035,0.1753681302629351
DIS,finest_scale=0; patch_size=8; patch_stride=2; grad_descent_iter=8; var_refine_iter=5; var_refine_alpha=20.0; var_refine_delta=2.0; var_refine_gamma=5.0; use_mean_normalization=True; use_spatial_propagation=False,13.061735421505379,617.1877,617.1877,0.17855640959808675
DIS,finest_scale=0; patch_size=8; patch_stride=2; grad_descent_iter=8; var_refine_iter=5; var_refine_alpha=20.0; var_refine_delta=2.0; var_refine_gamma=10.0; use_mean_normalization=True; use_spatial_propagation=False,13.715766956168446,476.35815,476.35815,0.1668891171297076
DIS,finest_scale=0; patch_size=8; patch_stride=2; grad_descent_iter=8; var_refine_iter=5; var_refine_alpha=20.0; var_refine_delta=5.0; var_refine_gamma=5.0; use_mean_normalization=True; use_spatial_propagation=False,13.524155462183405,531.9441,531.9441,0.17202653254586736
DIS,finest_scale=0; patch_size=8; patch_stride=2; grad_descent_iter=8; var_refine_iter=5; var_refine_alpha=20.0; var_refine_delta=5.0; var_refine_gamma=10.0; use_mean_normalization=True; use_spatial_propagation=False,13.930583341020412,431.99097,431.99097,0.1632835825232511
DIS,finest_scale=0; patch_size=8; patch_stride=2; grad_descent_iter=8; var_refine_iter=5; var_refine_alpha=40.0; var_refine_delta=2.0; var_refine_gamma=5.0; use_mean_normalization=True; use_spatial_propagation=False,12.153860294406726,779.0392,779.0392,0.19071558953193915
DIS,finest_scale=0; patch_size=8; patch_stride=2; grad_descent_iter=8; var_refine_iter=5; var_refine_alpha=40.0; var_refine_delta=2.0; var_refine_gamma=10.0; use_mean_normalization=True; use_spatial_propagation=False,12.846218760068473,654.74475,654.74475,0.18133911760850951
DIS,finest_scale=0; patch_size=8; patch_stride=2; grad_descent_iter=8; var_refine_iter=5; var_refine_alpha=40.0; var_refine_delta=5.0; var_refine_gamma=5.0; use_mean_normalization=True; use_spatial_propagation=False,12.615010919242653,708.6107,708.6107,0.18595337744211796
DIS,finest_scale=0; patch_size=8; patch_stride=2; grad_descent_iter=8; var_refine_iter=5; var_refine_alpha=40.0; var_refine_delta=5.0; var_refine_gamma=10.0; use_mean_normalization=True; use_spatial_propagation=False,13.155010607757385,600.5088,600.5088,0.17730113927060934
DIS,finest_scale=0; patch_size=8; patch_stride=2; grad_descent_iter=12; var_refine_iter=3; var_refine_alpha=20.0; var_refine_delta=2.0; var_refine_gamma=5.0; use_mean_normalization=True; use_spatial_propagation=False,13.716722095653456,484.6337,484.6337,0.16788982378160988
DIS,finest_scale=0; patch_size=8; patch_stride=2; grad_descent_iter=12; var_refine_iter=3; var_refine_alpha=20.0; var_refine_delta=2.0; var_refine_gamma=10.0; use_mean_normalization=True; use_spatial_propagation=False,14.073768506869508,398.0636,398.0636,0.16035777976453172
DIS,finest_scale=0; patch_size=8; patch_stride=2; grad_descent_iter=12; var_refine_iter=3; var_refine_alpha=20.0; var_refine_delta=5.0; var_refine_gamma=5.0; use_mean_normalization=True; use_spatial_propagation=False,13.977719935847375,428.52557,428.52557,0.1632448323017204
DIS,finest_scale=0; patch_size=8; patch_stride=2; grad_descent_iter=12; var_refine_iter=3; var_refine_alpha=20.0; var_refine_delta=5.0; var_refine_gamma=10.0; use_mean_normalization=True; use_spatial_propagation=False,14.197087262291793,369.53302,369.53302,0.15792066136375338
DIS,finest_scale=0; patch_size=8; patch_stride=2; grad_descent_iter=12; var_refine_iter=3; var_refine_alpha=40.0; var_refine_delta=2.0; var_refine_gamma=5.0; use_mean_normalization=True; use_spatial_propagation=False,13.163030281263564,609.2939,609.2939,0.17841950910963994
DIS,finest_scale=0; patch_size=8; patch_stride=2; grad_descent_iter=12; var_refine_iter=3; var_refine_alpha=40.0; var_refine_delta=2.0; var_refine_gamma=10.0; use_mean_normalization=True; use_spatial_propagation=False,13.583852000418727,510.70874,510.70874,0.16995586472657065
DIS,finest_scale=0; patch_size=8; patch_stride=2; grad_descent_iter=12; var_refine_iter=3; var_refine_alpha=40.0; var_refine_delta=5.0; var_refine_gamma=5.0; use_mean_normalization=True; use_spatial_propagation=False,13.459081555008302,548.76715,548.76715,0.17352471335410602
DIS,finest_scale=0; patch_size=8; patch_stride=2; grad_descent_iter=12; var_refine_iter=3; var_refine_alpha=40.0; var_refine_delta=5.0; var_refine_gamma=10.0; use_mean_normalization=True; use_spatial_propagation=False,13.771043732336562,473.54184,473.54184,0.16699337300317607
DIS,finest_scale=0; patch_size=8; patch_stride=2; grad_descent_iter=12; var_refine_iter=5; var_refine_alpha=20.0; var_refine_delta=2.0; var_refine_gamma=5.0; use_mean_normalization=True; use_spatial_propagation=False,13.598261627183495,518.4722,518.4722,0.17100276233852812
DIS,finest_scale=0; patch_size=8; patch_stride=2; grad_descent_iter=12; var_refine_iter=5; var_refine_alpha=20.0; var_refine_delta=2.0; var_refine_gamma=10.0; use_mean_normalization=True; use_spatial_propagation=False,14.068294238467237,404.56302,404.56302,0.16109391984478016
DIS,finest_scale=0; patch_size=8; patch_stride=2; grad_descent_iter=12; var_refine_iter=5; var_refine_alpha=20.0; var_refine_delta=5.0; var_refine_gamma=5.0; use_mean_normalization=True; use_spatial_propagation=False,13.94052789652277,445.74146,445.74146,0.1650132004256192
DIS,finest_scale=0; patch_size=8; patch_stride=2; grad_descent_iter=12; var_refine_iter=5; var_refine_alpha=20.0; var_refine_delta=5.0; var_refine_gamma=10.0; use_mean_normalization=True; use_spatial_propagation=False,14.216338368354021,371.09476,371.09476,0.1582620783912959
DIS,finest_scale=0; patch_size=8; patch_stride=2; grad_descent_iter=12; var_refine_iter=5; var_refine_alpha=40.0; var_refine_delta=2.0; var_refine_gamma=5.0; use_mean_normalization=True; use_spatial_propagation=False,12.83214477295959,675.84436,675.84436,0.18375847886763286
DIS,finest_scale=0; patch_size=8; patch_stride=2; grad_descent_iter=12; var_refine_iter=5; var_refine_alpha=40.0; var_refine_delta=2.0; var_refine_gamma=10.0; use_mean_normalization=True; use_spatial_propagation=False,13.430671575185775,552.1072,552.1072,0.1736982374987373
DIS,finest_scale=0; patch_size=8; patch_stride=2; grad_descent_iter=12; var_refine_iter=5; var_refine_alpha=40.0; var_refine_delta=5.0; var_refine_gamma=5.0; use_mean_normalization=True; use_spatial_propagation=False,13.246190977890503,601.3125,601.3125,0.17812702999750146
DIS,finest_scale=0; patch_size=8; patch_stride=2; grad_descent_iter=12; var_refine_iter=5; var_refine_alpha=40.0; var_refine_delta=5.0; var_refine_gamma=10.0; use_mean_normalization=True; use_spatial_propagation=False,13.672621224066631,503.4816,503.4816,0.16979876348369133
DIS,finest_scale=0; patch_size=8; patch_stride=4; grad_descent_iter=8; var_refine_iter=3; var_refine_alpha=20.0; var_refine_delta=2.0; var_refine_gamma=5.0; use_mean_normalization=True; use_spatial_propagation=False,13.09746595938268,603.6,603.6,0.17721172413979075
DIS,finest_scale=0; patch_size=8; patch_stride=4; grad_descent_iter=8; var_refine_iter=3; var_refine_alpha=20.0; var_refine_delta=2.0; var_refine_gamma=10.0; use_mean_normalization=True; use_spatial_propagation=False,13.604954653699428,493.79865,493.79865,0.16809547562376048
DIS,finest_scale=0; patch_size=8; patch_stride=4; grad_descent_iter=8; var_refine_iter=3; var_refine_alpha=20.0; var_refine_delta=5.0; var_refine_gamma=5.0; use_mean_normalization=True; use_spatial_propagation=False,13.442336932313967,537.6745,537.6745,0.17205963564310495
DIS,finest_scale=0; patch_size=8; patch_stride=4; grad_descent_iter=8; var_refine_iter=3; var_refine_alpha=20.0; var_refine_delta=5.0; var_refine_gamma=10.0; use_mean_normalization=True; use_spatial_propagation=False,13.792675504302533,455.14786,455.14786,0.16495914797358158
DIS,finest_scale=0; patch_size=8; patch_stride=4; grad_descent_iter=8; var_refine_iter=3; var_refine_alpha=40.0; var_refine_delta=2.0; var_refine_gamma=5.0; use_mean_normalization=True; use_spatial_propagation=False,12.49125358521582,717.826,717.826,0.18606914884325992
DIS,finest_scale=0; patch_size=8; patch_stride=4; grad_descent_iter=8; var_refine_iter=3; var_refine_alpha=40.0; var_refine_delta=2.0; var_refine_gamma=10.0; use_mean_normalization=True; use_spatial_propagation=False,12.94452693915438,630.7614,630.7614,0.17924758766937823
DIS,finest_scale=0; patch_size=8; patch_stride=4; grad_descent_iter=8; var_refine_iter=3; var_refine_alpha=40.0; var_refine_delta=5.0; var_refine_gamma=5.0; use_mean_normalization=True; use_spatial_propagation=False,12.798352957885925,664.4702,664.4702,0.18212325013575129
DIS,finest_scale=0; patch_size=8; patch_stride=4; grad_descent_iter=8; var_refine_iter=3; var_refine_alpha=40.0; var_refine_delta=5.0; var_refine_gamma=10.0; use_mean_normalization=True; use_spatial_propagation=False,13.16336282916843,591.4205,591.4205,0.17627736340586178
DIS,finest_scale=0; patch_size=8; patch_stride=4; grad_descent_iter=8; var_refine_iter=5; var_refine_alpha=20.0; var_refine_delta=2.0; var_refine_gamma=5.0; use_mean_normalization=True; use_spatial_propagation=False,13.023494659547612,626.35846,626.35846,0.17935097896007385
DIS,finest_scale=0; patch_size=8; patch_stride=4; grad_descent_iter=8; var_refine_iter=5; var_refine_alpha=20.0; var_refine_delta=2.0; var_refine_gamma=10.0; use_mean_normalization=True; use_spatial_propagation=False,13.670041869594035,486.8526,486.8526,0.16778265082250737
DIS,finest_scale=0; patch_size=8; patch_stride=4; grad_descent_iter=8; var_refine_iter=5; var_refine_alpha=20.0; var_refine_delta=5.0; var_refine_gamma=5.0; use_mean_normalization=True; use_spatial_propagation=False,13.475714695236144,541.5658,541.5658,0.17279361543481397
DIS,finest_scale=0; patch_size=8; patch_stride=4; grad_descent_iter=8; var_refine_iter=5; var_refine_alpha=20.0; var_refine_delta=5.0; var_refine_gamma=10.0; use_mean_normalization=True; use_spatial_propagation=False,13.885248499218767,442.9168,442.9168,0.16423200853351072
DIS,finest_scale=0; patch_size=8; patch_stride=4; grad_descent_iter=8; var_refine_iter=5; var_refine_alpha=40.0; var_refine_delta=2.0; var_refine_gamma=5.0; use_mean_normalization=True; use_spatial_propagation=False,12.191969185638904,775.70935,775.70935,0.19062087857380294
DIS,finest_scale=0; patch_size=8; patch_stride=4; grad_descent_iter=8; var_refine_iter=5; var_refine_alpha=40.0; var_refine_delta=2.0; var_refine_gamma=10.0; use_mean_normalization=True; use_spatial_propagation=False,12.824296355400204,660.8945,660.8945,0.18190170347812745
DIS,finest_scale=0; patch_size=8; patch_stride=4; grad_descent_iter=8; var_refine_iter=5; var_refine_alpha=40.0; var_refine_delta=5.0; var_refine_gamma=5.0; use_mean_normalization=True; use_spatial_propagation=False,12.619713054790745,708.95044,708.95044,0.18603176410352906
DIS,finest_scale=0; patch_size=8; patch_stride=4; grad_descent_iter=8; var_refine_iter=5; var_refine_alpha=40.0; var_refine_delta=5.0; var_refine_gamma=10.0; use_mean_normalization=True; use_spatial_propagation=False,13.113889120485869,609.8017,609.8017,0.17808731812212059
DIS,finest_scale=0; patch_size=8; patch_stride=4; grad_descent_iter=12; var_refine_iter=3; var_refine_alpha=20.0; var_refine_delta=2.0; var_refine_gamma=5.0; use_mean_normalization=True; use_spatial_propagation=False,13.69759502995161,492.79166,492.79166,0.16871576139236671
DIS,finest_scale=0; patch_size=8; patch_stride=4; grad_descent_iter=12; var_refine_iter=3; var_refine_alpha=20.0; var_refine_delta=2.0; var_refine_gamma=10.0; use_mean_normalization=True; use_spatial_propagation=False,14.032159226103378,409.40363,409.40363,0.16138571308623753
DIS,finest_scale=0; patch_size=8; patch_stride=4; grad_descent_iter=12; var_refine_iter=3; var_refine_alpha=20.0; var_refine_delta=5.0; var_refine_gamma=5.0; use_mean_normalization=True; use_spatial_propagation=False,13.933254874030624,439.62875,439.62875,0.1642214879594634
DIS,finest_scale=0; patch_size=8; patch_stride=4; grad_descent_iter=12; var_refine_iter=3; var_refine_alpha=20.0; var_refine_delta=5.0; var_refine_gamma=10.0; use_mean_normalization=True; use_spatial_propagation=False,14.150419399157627,383.71906,383.71906,0.15924964201462638
DIS,finest_scale=0; patch_size=8; patch_stride=4; grad_descent_iter=12; var_refine_iter=3; var_refine_alpha=40.0; var_refine_delta=2.0; var_refine_gamma=5.0; use_mean_normalization=True; use_spatial_propagation=False,13.20558003665435,606.7472,606.7472,0.17845430668842216
DIS,finest_scale=0; patch_size=8; patch_stride=4; grad_descent_iter=12; var_refine_iter=3; var_refine_alpha=40.0; var_refine_delta=2.0; var_refine_gamma=10.0; use_mean_normalization=True; use_spatial_propagation=False,13.574287023613147,519.4542,519.4542,0.1709288038926863
DIS,finest_scale=0; patch_size=8; patch_stride=4; grad_descent_iter=12; var_refine_iter=3; var_refine_alpha=40.0; var_refine_delta=5.0; var_refine_gamma=5.0; use_mean_normalization=True; use_spatial_propagation=False,13.476247080939237,550.97784,550.97784,0.1739273229342876
DIS,finest_scale=0; patch_size=8; patch_stride=4; grad_descent_iter=12; var_refine_iter=3; var_refine_alpha=40.0; var_refine_delta=5.0; var_refine_gamma=10.0; use_mean_normalization=True; use_spatial_propagation=False,13.74695992668191,481.5643,481.5643,0.16776339580215766
DIS,finest_scale=0; patch_size=8; patch_stride=4; grad_descent_iter=12; var_refine_iter=5; var_refine_alpha=20.0; var_refine_delta=2.0; var_refine_gamma=5.0; use_mean_normalization=True; use_spatial_propagation=False,13.579381221525566,526.3913,526.3913,0.17180201084607996
DIS,finest_scale=0; patch_size=8; patch_stride=4; grad_descent_iter=12; var_refine_iter=5; var_refine_alpha=20.0; var_refine_delta=2.0; var_refine_gamma=10.0; use_mean_normalization=True; use_spatial_propagation=False,14.02476018859943,416.378,416.378,0.16216344450465842
DIS,finest_scale=0; patch_size=8; patch_stride=4; grad_descent_iter=12; var_refine_iter=5; var_refine_alpha=20.0; var_refine_delta=5.0; var_refine_gamma=5.0; use_mean_normalization=True; use_spatial_propagation=False,13.900260268257487,455.06183,455.06183,0.16580950330580416
DIS,finest_scale=0; patch_size=8; patch_stride=4; grad_descent_iter=12; var_refine_iter=5; var_refine_alpha=20.0; var_refine_delta=5.0; var_refine_gamma=10.0; use_mean_normalization=True; use_spatial_propagation=False,14.184506580496963,379.78668,379.78668,0.15905045694323489
DIS,finest_scale=0; patch_size=8; patch_stride=4; grad_descent_iter=12; var_refine_iter=5; var_refine_alpha=40.0; var_refine_delta=2.0; var_refine_gamma=5.0; use_mean_normalization=True; use_spatial_propagation=False,12.87298861361736,676.2307,676.2307,0.18413159455594968
DIS,finest_scale=0; patch_size=8; patch_stride=4; grad_descent_iter=12; var_refine_iter=5; var_refine_alpha=40.0; var_refine_delta=2.0; var_refine_gamma=10.0; use_mean_normalization=True; use_spatial_propagation=False,13.411141919382548,559.22876,559.22876,0.17439658929735927
DIS,finest_scale=0; patch_size=8; patch_stride=4; grad_descent_iter=12; var_refine_iter=5; var_refine_alpha=40.0; var_refine_delta=5.0; var_refine_gamma=5.0; use_mean_normalization=True; use_spatial_propagation=False,13.242667335814218,606.76074,606.76074,0.17875262930827124
DIS,finest_scale=0; patch_size=8; patch_stride=4; grad_descent_iter=12; var_refine_iter=5; var_refine_alpha=40.0; var_refine_delta=5.0; var_refine_gamma=10.0; use_mean_normalization=True; use_spatial_propagation=False,13.648500469256486,511.888,511.888,0.1706145650798404
DIS,finest_scale=1; patch_size=4; patch_stride=2; grad_descent_iter=8; var_refine_iter=3; var_refine_alpha=20.0; var_refine_delta=2.0; var_refine_gamma=5.0; use_mean_normalization=True; use_spatial_propagation=False,13.144584879568535,693.141,693.141,0.18833360481493727
DIS,finest_scale=1; patch_size=4; patch_stride=2; grad_descent_iter=8; var_refine_iter=3; var_refine_alpha=20.0; var_refine_delta=2.0; var_refine_gamma=10.0; use_mean_normalization=True; use_spatial_propagation=False,13.811994565571709,563.1939,563.1939,0.1780792268955339
DIS,finest_scale=1; patch_size=4; patch_stride=2; grad_descent_iter=8; var_refine_iter=3; var_refine_alpha=20.0; var_refine_delta=5.0; var_refine_gamma=5.0; use_mean_normalization=True; use_spatial_propagation=False,13.56225256325142,619.8524,619.8524,0.18288031820069445
DIS,finest_scale=1; patch_size=4; patch_stride=2; grad_descent_iter=8; var_refine_iter=3; var_refine_alpha=20.0; var_refine_delta=5.0; var_refine_gamma=10.0; use_mean_normalization=True; use_spatial_propagation=False,13.989316243220248,526.8415,526.8415,0.17513551517954573
DIS,finest_scale=1; patch_size=4; patch_stride=2; grad_descent_iter=8; var_refine_iter=3; var_refine_alpha=40.0; var_refine_delta=2.0; var_refine_gamma=5.0; use_mean_normalization=True; use_spatial_propagation=False,12.183100852810847,832.0573,832.0573,0.19731168398017493
DIS,finest_scale=1; patch_size=4; patch_stride=2; grad_descent_iter=8; var_refine_iter=3; var_refine_alpha=40.0; var_refine_delta=2.0; var_refine_gamma=10.0; use_mean_normalization=True; use_spatial_propagation=False,12.950749341516161,724.5701,724.5701,0.1905544193098423
DIS,finest_scale=1; patch_size=4; patch_stride=2; grad_descent_iter=8; var_refine_iter=3; var_refine_alpha=40.0; var_refine_delta=5.0; var_refine_gamma=5.0; use_mean_normalization=True; use_spatial_propagation=False,12.632862010628486,773.3866,773.3866,0.19386928750300808
DIS,finest_scale=1; patch_size=4; patch_stride=2; grad_descent_iter=8; var_refine_iter=3; var_refine_alpha=40.0; var_refine_delta=5.0; var_refine_gamma=10.0; use_mean_normalization=True; use_spatial_propagation=False,13.228726862147093,678.7566,678.7566,0.1872806125146122
DIS,finest_scale=1; patch_size=4; patch_stride=2; grad_descent_iter=8; var_refine_iter=5; var_refine_alpha=20.0; var_refine_delta=2.0; var_refine_gamma=5.0; use_mean_normalization=True; use_spatial_propagation=False,12.93630933877358,735.0039,735.0039,0.1916909395548923
DIS,finest_scale=1; patch_size=4; patch_stride=2; grad_descent_iter=8; var_refine_iter=5; var_refine_alpha=20.0; var_refine_delta=2.0; var_refine_gamma=10.0; use_mean_normalization=True; use_spatial_propagation=False,13.789254954154828,576.40454,576.40454,0.17948259238954814
DIS,finest_scale=1; patch_size=4; patch_stride=2; grad_descent_iter=8; var_refine_iter=5; var_refine_alpha=20.0; var_refine_delta=5.0; var_refine_gamma=5.0; use_mean_normalization=True; use_spatial_propagation=False,13.473743918130813,646.0913,646.0913,0.18532091655405375
DIS,finest_scale=1; patch_size=4; patch_stride=2; grad_descent_iter=8; var_refine_iter=5; var_refine_alpha=20.0; var_refine_delta=5.0; var_refine_gamma=10.0; use_mean_normalization=True; use_spatial_propagation=False,13.993365033805569,532.86816,532.86816,0.1758911035604493
DIS,finest_scale=1; patch_size=4; patch_stride=2; grad_descent_iter=8; var_refine_iter=5; var_refine_alpha=40.0; var_refine_delta=2.0; var_refine_gamma=5.0; use_mean_normalization=True; use_spatial_propagation=False,11.691754366003126,892.58435,892.58435,0.20064415528410795
DIS,finest_scale=1; patch_size=4; patch_stride=2; grad_descent_iter=8; var_refine_iter=5; var_refine_alpha=40.0; var_refine_delta=2.0; var_refine_gamma=10.0; use_mean_normalization=True; use_spatial_propagation=False,12.683494674454924,773.17426,773.17426,0.19424886782797812
DIS,finest_scale=1; patch_size=4; patch_stride=2; grad_descent_iter=8; var_refine_iter=5; var_refine_alpha=40.0; var_refine_delta=5.0; var_refine_gamma=5.0; use_mean_normalization=True; use_spatial_propagation=False,12.266970542268258,827.26935,827.26935,0.19740808997310244
DIS,finest_scale=1; patch_size=4; patch_stride=2; grad_descent_iter=8; var_refine_iter=5; var_refine_alpha=40.0; var_refine_delta=5.0; var_refine_gamma=10.0; use_mean_normalization=True; use_spatial_propagation=False,13.04533543638831,717.1505,717.1505,0.19042074878632592
DIS,finest_scale=1; patch_size=4; patch_stride=2; grad_descent_iter=12; var_refine_iter=3; var_refine_alpha=20.0; var_refine_delta=2.0; var_refine_gamma=5.0; use_mean_normalization=True; use_spatial_propagation=False,13.539597489802773,621.554,621.554,0.18290326822494457
DIS,finest_scale=1; patch_size=4; patch_stride=2; grad_descent_iter=12; var_refine_iter=3; var_refine_alpha=20.0; var_refine_delta=2.0; var_refine_gamma=10.0; use_mean_normalization=True; use_spatial_propagation=False,14.049998841728959,507.80673,507.80673,0.17333679931995227
DIS,finest_scale=1; patch_size=4; patch_stride=2; grad_descent_iter=12; var_refine_iter=3; var_refine_alpha=20.0; var_refine_delta=5.0; var_refine_gamma=5.0; use_mean_normalization=True; use_spatial_propagation=False,13.870794157636169,552.44727,552.44727,0.17726002498826982
DIS,finest_scale=1; patch_size=4; patch_stride=2; grad_descent_iter=12; var_refine_iter=3; var_refine_alpha=20.0; var_refine_delta=5.0; var_refine_gamma=10.0; use_mean_normalization=True; use_spatial_propagation=False,14.191723741683827,474.79556,474.79556,0.17050925892665758
DIS,finest_scale=1; patch_size=4; patch_stride=2; grad_descent_iter=12; var_refine_iter=3; var_refine_alpha=40.0; var_refine_delta=2.0; var_refine_gamma=5.0; use_mean_normalization=True; use_spatial_propagation=False,12.719406455486187,766.39905,766.39905,0.19372313982033068
DIS,finest_scale=1; patch_size=4; patch_stride=2; grad_descent_iter=12; var_refine_iter=3; var_refine_alpha=40.0; var_refine_delta=2.0; var_refine_gamma=10.0; use_mean_normalization=True; use_spatial_propagation=False,13.377152023612032,652.83093,652.83093,0.1853569270205384
DIS,finest_scale=1; patch_size=4; patch_stride=2; grad_descent_iter=12; var_refine_iter=3; var_refine_alpha=40.0; var_refine_delta=5.0; var_refine_gamma=5.0; use_mean_normalization=True; use_spatial_propagation=False,13.119479438751245,701.19916,701.19916,0.1890997423417513
DIS,finest_scale=1; patch_size=4; patch_stride=2; grad_descent_iter=12; var_refine_iter=3; var_refine_alpha=40.0; var_refine_delta=5.0; var_refine_gamma=10.0; use_mean_normalization=True; use_spatial_propagation=False,13.611632082337252,606.9095,606.9095,0.18172219887156577
DIS,finest_scale=1; patch_size=4; patch_stride=2; grad_descent_iter=12; var_refine_iter=5; var_refine_alpha=20.0; var_refine_delta=2.0; var_refine_gamma=5.0; use_mean_normalization=True; use_spatial_propagation=False,13.309456489199135,674.01355,674.01355,0.18735728477806834
DIS,finest_scale=1; patch_size=4; patch_stride=2; grad_descent_iter=12; var_refine_iter=5; var_refine_alpha=20.0; var_refine_delta=2.0; var_refine_gamma=10.0; use_mean_normalization=True; use_spatial_propagation=False,13.997171145363911,527.3619,527.3619,0.17526079771267783
DIS,finest_scale=1; patch_size=4; patch_stride=2; grad_descent_iter=12; var_refine_iter=5; var_refine_alpha=20.0; var_refine_delta=5.0; var_refine_gamma=5.0; use_mean_normalization=True; use_spatial_propagation=False,13.750429913731043,587.48553,587.48553,0.18050170463587145
DIS,finest_scale=1; patch_size=4; patch_stride=2; grad_descent_iter=12; var_refine_iter=5; var_refine_alpha=20.0; var_refine_delta=5.0; var_refine_gamma=10.0; use_mean_normalization=True; use_spatial_propagation=False,14.166238060016386,487.46875,487.46875,0.17182615990773004
DIS,finest_scale=1; patch_size=4; patch_stride=2; grad_descent_iter=12; var_refine_iter=5; var_refine_alpha=40.0; var_refine_delta=2.0; var_refine_gamma=5.0; use_mean_normalization=True; use_spatial_propagation=False,12.209604183223538,841.39856,841.39856,0.19864466537544484
DIS,finest_scale=1; patch_size=4; patch_stride=2; grad_descent_iter=12; var_refine_iter=5; var_refine_alpha=40.0; var_refine_delta=2.0; var_refine_gamma=10.0; use_mean_normalization=True; use_spatial_propagation=False,13.091272292373725,711.3299,711.3299,0.19008976660440882
DIS,finest_scale=1; patch_size=4; patch_stride=2; grad_descent_iter=12; var_refine_iter=5; var_refine_alpha=40.0; var_refine_delta=5.0; var_refine_gamma=5.0; use_mean_normalization=True; use_spatial_propagation=False,12.732164560743652,769.5881,769.5881,0.19420788883359022
DIS,finest_scale=1; patch_size=4; patch_stride=2; grad_descent_iter=12; var_refine_iter=5; var_refine_alpha=40.0; var_refine_delta=5.0; var_refine_gamma=10.0; use_mean_normalization=True; use_spatial_propagation=False,13.406378209317419,656.4794,656.4794,0.18602855497379855
DIS,finest_scale=1; patch_size=4; patch_stride=4; grad_descent_iter=8; var_refine_iter=3; var_refine_alpha=20.0; var_refine_delta=2.0; var_refine_gamma=5.0; use_mean_normalization=True; use_spatial_propagation=False,12.998309020901578,738.14764,738.14764,0.19256418970986094
DIS,finest_scale=1; patch_size=4; patch_stride=4; grad_descent_iter=8; var_refine_iter=3; var_refine_alpha=20.0; var_refine_delta=2.0; var_refine_gamma=10.0; use_mean_normalization=True; use_spatial_propagation=False,13.430303572007364,663.0941,663.0941,0.18701372783095319
DIS,finest_scale=1; patch_size=4; patch_stride=4; grad_descent_iter=8; var_refine_iter=3; var_refine_alpha=20.0; var_refine_delta=5.0; var_refine_gamma=5.0; use_mean_normalization=True; use_spatial_propagation=False,13.267395514099704,693.24194,693.24194,0.1893282045352372
DIS,finest_scale=1; patch_size=4; patch_stride=4; grad_descent_iter=8; var_refine_iter=3; var_refine_alpha=20.0; var_refine_delta=5.0; var_refine_gamma=10.0; use_mean_normalization=True; use_spatial_propagation=False,13.605543057366793,632.77045,632.77045,0.1847768025020328
DIS,finest_scale=1; patch_size=4; patch_stride=4; grad_descent_iter=8; var_refine_iter=3; var_refine_alpha=40.0; var_refine_delta=2.0; var_refine_gamma=5.0; use_mean_normalization=True; use_spatial_propagation=False,12.578938214673888,798.6967,798.6967,0.1964751188651267
DIS,finest_scale=1; patch_size=4; patch_stride=4; grad_descent_iter=8; var_refine_iter=3; var_refine_alpha=40.0; var_refine_delta=2.0; var_refine_gamma=10.0; use_mean_normalization=True; use_spatial_propagation=False,12.898453281659926,753.84314,753.84314,0.19364880586734648
DIS,finest_scale=1; patch_size=4; patch_stride=4; grad_descent_iter=8; var_refine_iter=3; var_refine_alpha=40.0; var_refine_delta=5.0; var_refine_gamma=5.0; use_mean_normalization=True; use_spatial_propagation=False,12.76600019177233,772.13245,772.13245,0.1947838986746816
DIS,finest_scale=1; patch_size=4; patch_stride=4; grad_descent_iter=8; var_refine_iter=3; var_refine_alpha=40.0; var_refine_delta=5.0; var_refine_gamma=10.0; use_mean_normalization=True; use_spatial_propagation=False,13.048331807562386,729.8927,729.8927,0.19197378005988341
DIS,finest_scale=1; patch_size=4; patch_stride=4; grad_descent_iter=8; var_refine_iter=5; var_refine_alpha=20.0; var_refine_delta=2.0; var_refine_gamma=5.0; use_mean_normalization=True; use_spatial_propagation=False,12.815332285110728,763.7433,763.7433,0.1941718553228742
DIS,finest_scale=1; patch_size=4; patch_stride=4; grad_descent_iter=8; var_refine_iter=5; var_refine_alpha=20.0; var_refine_delta=2.0; var_refine_gamma=10.0; use_mean_normalization=True; use_spatial_propagation=False,13.515139900689908,644.4781,644.4781,0.18545848852829605
DIS,finest_scale=1; patch_size=4; patch_stride=4; grad_descent_iter=8; var_refine_iter=5; var_refine_alpha=20.0; var_refine_delta=5.0; var_refine_gamma=5.0; use_mean_normalization=True; use_spatial_propagation=False,13.233327750490961,697.72754,697.72754,0.18959393707217265
DIS,finest_scale=1; patch_size=4; patch_stride=4; grad_descent_iter=8; var_refine_iter=5; var_refine_alpha=20.0; var_refine_delta=5.0; var_refine_gamma=10.0; use_mean_normalization=True; use_spatial_propagation=False,13.742029611491361,601.03754,601.03754,0.18206074789542515
DIS,finest_scale=1; patch_size=4; patch_stride=4; grad_descent_iter=8; var_refine_iter=5; var_refine_alpha=40.0; var_refine_delta=2.0; var_refine_gamma=5.0; use_mean_normalization=True; use_spatial_propagation=False,12.057663490814383,859.262,859.262,0.19957276128087376
DIS,finest_scale=1; patch_size=4; patch_stride=4; grad_descent_iter=8; var_refine_iter=5; var_refine_alpha=40.0; var_refine_delta=2.0; var_refine_gamma=10.0; use_mean_normalization=True; use_spatial_propagation=False,12.64540990755194,789.3481,789.3481,0.1958850584876723
DIS,finest_scale=1; patch_size=4; patch_stride=4; grad_descent_iter=8; var_refine_iter=5; var_refine_alpha=40.0; var_refine_delta=5.0; var_refine_gamma=5.0; use_mean_normalization=True; use_spatial_propagation=False,12.392755021277829,820.17737,820.17737,0.1975633232364954
DIS,finest_scale=1; patch_size=4; patch_stride=4; grad_descent_iter=8; var_refine_iter=5; var_refine_alpha=40.0; var_refine_delta=5.0; var_refine_gamma=10.0; use_mean_normalization=True; use_spatial_propagation=False,12.895191028317678,751.31647,751.31647,0.19331950646321666
DIS,finest_scale=1; patch_size=4; patch_stride=4; grad_descent_iter=12; var_refine_iter=3; var_refine_alpha=20.0; var_refine_delta=2.0; var_refine_gamma=5.0; use_mean_normalization=True; use_spatial_propagation=False,13.475229565319562,661.07336,661.07336,0.1871306417307627
DIS,finest_scale=1; patch_size=4; patch_stride=4; grad_descent_iter=12; var_refine_iter=3; var_refine_alpha=20.0; var_refine_delta=2.0; var_refine_gamma=10.0; use_mean_normalization=True; use_spatial_propagation=False,13.772827793890418,603.24677,603.24677,0.18257223991341737
DIS,finest_scale=1; patch_size=4; patch_stride=4; grad_descent_iter=12; var_refine_iter=3; var_refine_alpha=20.0; var_refine_delta=5.0; var_refine_gamma=5.0; use_mean_normalization=True; use_spatial_propagation=False,13.675918562873989,624.17676,624.17676,0.18430856423508957
DIS,finest_scale=1; patch_size=4; patch_stride=4; grad_descent_iter=12; var_refine_iter=3; var_refine_alpha=20.0; var_refine_delta=5.0; var_refine_gamma=10.0; use_mean_normalization=True; use_spatial_propagation=False,13.893534714739232,580.5033,580.5033,0.1808086805523293
DIS,finest_scale=1; patch_size=4; patch_stride=4; grad_descent_iter=12; var_refine_iter=3; var_refine_alpha=40.0; var_refine_delta=2.0; var_refine_gamma=5.0; use_mean_normalization=True; use_spatial_propagation=False,13.161317359962439,717.3446,717.3446,0.19137189468986493
DIS,finest_scale=1; patch_size=4; patch_stride=4; grad_descent_iter=12; var_refine_iter=3; var_refine_alpha=40.0; var_refine_delta=2.0; var_refine_gamma=10.0; use_mean_normalization=True; use_spatial_propagation=False,13.397412477975967,676.75397,676.75397,0.18838977896408943
DIS,finest_scale=1; patch_size=4; patch_stride=4; grad_descent_iter=12; var_refine_iter=3; var_refine_alpha=40.0; var_refine_delta=5.0; var_refine_gamma=5.0; use_mean_normalization=True; use_spatial_propagation=False,13.308897282261336,692.0838,692.0838,0.18952124300065587
DIS,finest_scale=1; patch_size=4; patch_stride=4; grad_descent_iter=12; var_refine_iter=3; var_refine_alpha=40.0; var_refine_delta=5.0; var_refine_gamma=10.0; use_mean_normalization=True; use_spatial_propagation=False,13.510603340958692,654.7766,654.7766,0.1866580238540581
DIS,finest_scale=1; patch_size=4; patch_stride=4; grad_descent_iter=12; var_refine_iter=5; var_refine_alpha=20.0; var_refine_delta=2.0; var_refine_gamma=5.0; use_mean_normalization=True; use_spatial_propagation=False,13.271269372477784,696.4476,696.4476,0.18974386887848105
DIS,finest_scale=1; patch_size=4; patch_stride=4; grad_descent_iter=12; var_refine_iter=5; var_refine_alpha=20.0; var_refine_delta=2.0; var_refine_gamma=10.0; use_mean_normalization=True; use_spatial_propagation=False,13.788005661022343,592.19464,592.19464,0.18136740735015613
DIS,finest_scale=1; patch_size=4; patch_stride=4; grad_descent_iter=12; var_refine_iter=5; var_refine_alpha=20.0; var_refine_delta=5.0; var_refine_gamma=5.0; use_mean_normalization=True; use_spatial_propagation=False,13.5845933194742,634.6931,634.6931,0.18483992672823701
DIS,finest_scale=1; patch_size=4; patch_stride=4; grad_descent_iter=12; var_refine_iter=5; var_refine_alpha=20.0; var_refine_delta=5.0; var_refine_gamma=10.0; use_mean_normalization=True; use_spatial_propagation=False,13.96608110932338,555.9652,555.9652,0.17844447794896984
DIS,finest_scale=1; patch_size=4; patch_stride=4; grad_descent_iter=12; var_refine_iter=5; var_refine_alpha=40.0; var_refine_delta=2.0; var_refine_gamma=5.0; use_mean_normalization=True; use_spatial_propagation=False,12.64719874408192,796.25604,796.25604,0.19672832077712588
DIS,finest_scale=1; patch_size=4; patch_stride=4; grad_descent_iter=12; var_refine_iter=5; var_refine_alpha=40.0; var_refine_delta=2.0; var_refine_gamma=10.0; use_mean_normalization=True; use_spatial_propagation=False,13.123176774357495,721.85266,721.85266,0.19160773431042621
DIS,finest_scale=1; patch_size=4; patch_stride=4; grad_descent_iter=12; var_refine_iter=5; var_refine_alpha=40.0; var_refine_delta=5.0; var_refine_gamma=5.0; use_mean_normalization=True; use_spatial_propagation=False,12.925443131796177,752.3085,752.3085,0.19368056121724175
DIS,finest_scale=1; patch_size=4; patch_stride=4; grad_descent_iter=12; var_refine_iter=5; var_refine_alpha=40.0; var_refine_delta=5.0; var_refine_gamma=10.0; use_mean_normalization=True; use_spatial_propagation=False,13.33313955269075,685.01434,685.01434,0.1888668431561642
DIS,finest_scale=1; patch_size=8; patch_stride=2; grad_descent_iter=8; var_refine_iter=3; var_refine_alpha=20.0; var_refine_delta=2.0; var_refine_gamma=5.0; use_mean_normalization=True; use_spatial_propagation=False,12.963121650363613,719.5255,719.5255,0.19004803810712184
DIS,finest_scale=1; patch_size=8; patch_stride=2; grad_descent_iter=8; var_refine_iter=3; var_refine_alpha=20.0; var_refine_delta=2.0; var_refine_gamma=10.0; use_mean_normalization=True; use_spatial_propagation=False,13.466025952559832,620.6866,620.6866,0.1822106038654814
DIS,finest_scale=1; patch_size=8; patch_stride=2; grad_descent_iter=8; var_refine_iter=3; var_refine_alpha=20.0; var_refine_delta=5.0; var_refine_gamma=5.0; use_mean_normalization=True; use_spatial_propagation=False,13.309282083673551,663.51416,663.51416,0.18609595910202087
DIS,finest_scale=1; patch_size=8; patch_stride=2; grad_descent_iter=8; var_refine_iter=3; var_refine_alpha=20.0; var_refine_delta=5.0; var_refine_gamma=10.0; use_mean_normalization=True; use_spatial_propagation=False,13.652605893405234,586.08386,586.08386,0.17955091561628944
DIS,finest_scale=1; patch_size=8; patch_stride=2; grad_descent_iter=8; var_refine_iter=3; var_refine_alpha=40.0; var_refine_delta=2.0; var_refine_gamma=5.0; use_mean_normalization=True; use_spatial_propagation=False,12.330656037617937,818.4563,818.4563,0.19686000127306952
DIS,finest_scale=1; patch_size=8; patch_stride=2; grad_descent_iter=8; var_refine_iter=3; var_refine_alpha=40.0; var_refine_delta=2.0; var_refine_gamma=10.0; use_mean_normalization=True; use_spatial_propagation=False,12.80918443571407,744.23737,744.23737,0.19178196087446836
DIS,finest_scale=1; patch_size=8; patch_stride=2; grad_descent_iter=8; var_refine_iter=3; var_refine_alpha=40.0; var_refine_delta=5.0; var_refine_gamma=5.0; use_mean_normalization=True; use_spatial_propagation=False,12.65272434201957,773.11707,773.11707,0.1939958506343461
DIS,finest_scale=1; patch_size=8; patch_stride=2; grad_descent_iter=8; var_refine_iter=3; var_refine_alpha=40.0; var_refine_delta=5.0; var_refine_gamma=10.0; use_mean_normalization=True; use_spatial_propagation=False,13.033373289211458,708.55743,708.55743,0.18929388380371626
DIS,finest_scale=1; patch_size=8; patch_stride=2; grad_descent_iter=8; var_refine_iter=5; var_refine_alpha=20.0; var_refine_delta=2.0; var_refine_gamma=5.0; use_mean_normalization=True; use_spatial_propagation=False,12.89908549119267,740.0346,740.0346,0.19199683951769136
DIS,finest_scale=1; patch_size=8; patch_stride=2; grad_descent_iter=8; var_refine_iter=5; var_refine_alpha=20.0; var_refine_delta=2.0; var_refine_gamma=10.0; use_mean_normalization=True; use_spatial_propagation=False,13.516078056787995,620.30383,620.30383,0.18256508786992667
DIS,finest_scale=1; patch_size=8; patch_stride=2; grad_descent_iter=8; var_refine_iter=5; var_refine_alpha=20.0; var_refine_delta=5.0; var_refine_gamma=5.0; use_mean_normalization=True; use_spatial_propagation=False,13.332440666062316,670.3379,670.3379,0.1871000763710553
DIS,finest_scale=1; patch_size=8; patch_stride=2; grad_descent_iter=8; var_refine_iter=5; var_refine_alpha=20.0; var_refine_delta=5.0; var_refine_gamma=10.0; use_mean_normalization=True; use_spatial_propagation=False,13.726154393150622,578.81915,578.81915,0.17926753353034824
DIS,finest_scale=1; patch_size=8; patch_stride=2; grad_descent_iter=8; var_refine_iter=5; var_refine_alpha=40.0; var_refine_delta=2.0; var_refine_gamma=5.0; use_mean_normalization=True; use_spatial_propagation=False,12.068284083742544,856.341,856.341,0.19930719110837497
DIS,finest_scale=1; patch_size=8; patch_stride=2; grad_descent_iter=8; var_refine_iter=5; var_refine_alpha=40.0; var_refine_delta=2.0; var_refine_gamma=10.0; use_mean_normalization=True; use_spatial_propagation=False,12.702413030390769,769.48895,769.48895,0.19395798546413445
DIS,finest_scale=1; patch_size=8; patch_stride=2; grad_descent_iter=8; var_refine_iter=5; var_refine_alpha=40.0; var_refine_delta=5.0; var_refine_gamma=5.0; use_mean_normalization=True; use_spatial_propagation=False,12.490076206689348,806.0768,806.0768,0.19664982116274254
DIS,finest_scale=1; patch_size=8; patch_stride=2; grad_descent_iter=8; var_refine_iter=5; var_refine_alpha=40.0; var_refine_delta=5.0; var_refine_gamma=10.0; use_mean_normalization=True; use_spatial_propagation=False,12.985248764144018,726.87164,726.87164,0.19110659281243192
DIS,finest_scale=1; patch_size=8; patch_stride=2; grad_descent_iter=12; var_refine_iter=3; var_refine_alpha=20.0; var_refine_delta=2.0; var_refine_gamma=5.0; use_mean_normalization=True; use_spatial_propagation=False,13.519298693947206,633.1117,633.1117,0.1841277959856368
DIS,finest_scale=1; patch_size=8; patch_stride=2; grad_descent_iter=12; var_refine_iter=3; var_refine_alpha=20.0; var_refine_delta=2.0; var_refine_gamma=10.0; use_mean_normalization=True; use_spatial_propagation=False,13.870424720040575,544.3401,544.3401,0.17628420992606175
DIS,finest_scale=1; patch_size=8; patch_stride=2; grad_descent_iter=12; var_refine_iter=3; var_refine_alpha=20.0; var_refine_delta=5.0; var_refine_gamma=5.0; use_mean_normalization=True; use_spatial_propagation=False,13.774168623381257,576.89764,576.89764,0.17942106680387976
DIS,finest_scale=1; patch_size=8; patch_stride=2; grad_descent_iter=12; var_refine_iter=3; var_refine_alpha=20.0; var_refine_delta=5.0; var_refine_gamma=10.0; use_mean_normalization=True; use_spatial_propagation=False,13.9959842701479,517.05804,517.05804,0.17401484160798725
DIS,finest_scale=1; patch_size=8; patch_stride=2; grad_descent_iter=12; var_refine_iter=3; var_refine_alpha=40.0; var_refine_delta=2.0; var_refine_gamma=5.0; use_mean_normalization=True; use_spatial_propagation=False,13.00612513319578,737.3672,737.3672,0.19253306481011123
DIS,finest_scale=1; patch_size=8; patch_stride=2; grad_descent_iter=12; var_refine_iter=3; var_refine_alpha=40.0; var_refine_delta=2.0; var_refine_gamma=10.0; use_mean_normalization=True; use_spatial_propagation=False,13.394067129637346,657.4832,657.4832,0.18605051987286841
DIS,finest_scale=1; patch_size=8; patch_stride=2; grad_descent_iter=12; var_refine_iter=3; var_refine_alpha=40.0; var_refine_delta=5.0; var_refine_gamma=5.0; use_mean_normalization=True; use_spatial_propagation=False,13.278415466759782,688.35956,688.35956,0.18883048030069816
DIS,finest_scale=1; patch_size=8; patch_stride=2; grad_descent_iter=12; var_refine_iter=3; var_refine_alpha=40.0; var_refine_delta=5.0; var_refine_gamma=10.0; use_mean_normalization=True; use_spatial_propagation=False,13.572369762235246,621.38293,621.38293,0.18314491260427923
DIS,finest_scale=1; patch_size=8; patch_stride=2; grad_descent_iter=12; var_refine_iter=5; var_refine_alpha=20.0; var_refine_delta=2.0; var_refine_gamma=5.0; use_mean_normalization=True; use_spatial_propagation=False,13.407973848424836,663.9495,663.9495,0.18693773669117678
DIS,finest_scale=1; patch_size=8; patch_stride=2; grad_descent_iter=12; var_refine_iter=5; var_refine_alpha=20.0; var_refine_delta=2.0; var_refine_gamma=10.0; use_mean_normalization=True; use_spatial_propagation=False,13.866143888717465,551.5012,551.5012,0.17710929834036487
DIS,finest_scale=1; patch_size=8; patch_stride=2; grad_descent_iter=12; var_refine_iter=5; var_refine_alpha=20.0; var_refine_delta=5.0; var_refine_gamma=5.0; use_mean_normalization=True; use_spatial_propagation=False,13.73694881291281,596.54364,596.54364,0.18148082848319141
DIS,finest_scale=1; patch_size=8; patch_stride=2; grad_descent_iter=12; var_refine_iter=5; var_refine_alpha=20.0; var_refine_delta=5.0; var_refine_gamma=10.0; use_mean_normalization=True; use_spatial_propagation=False,14.014856221822125,518.89886,518.89886,0.17438671576020895
DIS,finest_scale=1; patch_size=8; patch_stride=2; grad_descent_iter=12; var_refine_iter=5; var_refine_alpha=40.0; var_refine_delta=2.0; var_refine_gamma=5.0; use_mean_normalization=True; use_spatial_propagation=False,12.7002310808971,788.94556,788.94556,0.19627531830984313
DIS,finest_scale=1; patch_size=8; patch_stride=2; grad_descent_iter=12; var_refine_iter=5; var_refine_alpha=40.0; var_refine_delta=2.0; var_refine_gamma=10.0; use_mean_normalization=True; use_spatial_propagation=False,13.249755528757206,692.59546,692.59546,0.18910950175674146
DIS,finest_scale=1; patch_size=8; patch_stride=2; grad_descent_iter=12; var_refine_iter=5; var_refine_alpha=40.0; var_refine_delta=5.0; var_refine_gamma=5.0; use_mean_normalization=True; use_spatial_propagation=False,13.078582488181373,733.63074,733.63074,0.1926643477096731
DIS,finest_scale=1; patch_size=8; patch_stride=2; grad_descent_iter=12; var_refine_iter=5; var_refine_alpha=40.0; var_refine_delta=5.0; var_refine_gamma=10.0; use_mean_normalization=True; use_spatial_propagation=False,13.47857504806478,651.3469,651.3469,0.18599022743873272
DIS,finest_scale=1; patch_size=8; patch_stride=4; grad_descent_iter=8; var_refine_iter=3; var_refine_alpha=20.0; var_refine_delta=2.0; var_refine_gamma=5.0; use_mean_normalization=True; use_spatial_propagation=False,12.935214169724684,725.91345,725.91345,0.19059132379614435
DIS,finest_scale=1; patch_size=8; patch_stride=4; grad_descent_iter=8; var_refine_iter=3; var_refine_alpha=20.0; var_refine_delta=2.0; var_refine_gamma=10.0; use_mean_normalization=True; use_spatial_propagation=False,13.411538086838188,633.8214,633.8214,0.1833508787155681
DIS,finest_scale=1; patch_size=8; patch_stride=4; grad_descent_iter=8; var_refine_iter=3; var_refine_alpha=20.0; var_refine_delta=5.0; var_refine_gamma=5.0; use_mean_normalization=True; use_spatial_propagation=False,13.256636530792255,673.4425,673.4425,0.18686619467048277
DIS,finest_scale=1; patch_size=8; patch_stride=4; grad_descent_iter=8; var_refine_iter=3; var_refine_alpha=20.0; var_refine_delta=5.0; var_refine_gamma=10.0; use_mean_normalization=True; use_spatial_propagation=False,13.592958527600299,599.37604,599.37604,0.18066879423694238
DIS,finest_scale=1; patch_size=8; patch_stride=4; grad_descent_iter=8; var_refine_iter=3; var_refine_alpha=40.0; var_refine_delta=2.0; var_refine_gamma=5.0; use_mean_normalization=True; use_spatial_propagation=False,12.379787905670902,812.1846,812.1846,0.19650045817023676
DIS,finest_scale=1; patch_size=8; patch_stride=4; grad_descent_iter=8; var_refine_iter=3; var_refine_alpha=40.0; var_refine_delta=2.0; var_refine_gamma=10.0; use_mean_normalization=True; use_spatial_propagation=False,12.795295360253691,747.62195,747.62195,0.19207700177086545
DIS,finest_scale=1; patch_size=8; patch_stride=4; grad_descent_iter=8; var_refine_iter=3; var_refine_alpha=40.0; var_refine_delta=5.0; var_refine_gamma=5.0; use_mean_normalization=True; use_spatial_propagation=False,12.661138190597384,772.29724,772.29724,0.19396477650618626
DIS,finest_scale=1; patch_size=8; patch_stride=4; grad_descent_iter=8; var_refine_iter=3; var_refine_alpha=40.0; var_refine_delta=5.0; var_refine_gamma=10.0; use_mean_normalization=True; use_spatial_propagation=False,12.99594200926694,715.8292,715.8292,0.1898670455636718
DIS,finest_scale=1; patch_size=8; patch_stride=4; grad_descent_iter=8; var_refine_iter=5; var_refine_alpha=20.0; var_refine_delta=2.0; var_refine_gamma=5.0; use_mean_normalization=True; use_spatial_propagation=False,12.866388150022626,745.38,745.38,0.1923767110742426
DIS,finest_scale=1; patch_size=8; patch_stride=4; grad_descent_iter=8; var_refine_iter=5; var_refine_alpha=20.0; var_refine_delta=2.0; var_refine_gamma=10.0; use_mean_normalization=True; use_spatial_propagation=False,13.475758821011459,630.02704,630.02704,0.18340931725693443
DIS,finest_scale=1; patch_size=8; patch_stride=4; grad_descent_iter=8; var_refine_iter=5; var_refine_alpha=20.0; var_refine_delta=5.0; var_refine_gamma=5.0; use_mean_normalization=True; use_spatial_propagation=False,13.288774390952488,678.54407,678.54407,0.1877354819570915
DIS,finest_scale=1; patch_size=8; patch_stride=4; grad_descent_iter=8; var_refine_iter=5; var_refine_alpha=20.0; var_refine_delta=5.0; var_refine_gamma=10.0; use_mean_normalization=True; use_spatial_propagation=False,13.684557575666725,588.983,588.983,0.18015441903419352
DIS,finest_scale=1; patch_size=8; patch_stride=4; grad_descent_iter=8; var_refine_iter=5; var_refine_alpha=40.0; var_refine_delta=2.0; var_refine_gamma=5.0; use_mean_normalization=True; use_spatial_propagation=False,12.106293415497948,851.7082,851.7082,0.19905533324059813
DIS,finest_scale=1; patch_size=8; patch_stride=4; grad_descent_iter=8; var_refine_iter=5; var_refine_alpha=40.0; var_refine_delta=2.0; var_refine_gamma=10.0; use_mean_normalization=True; use_spatial_propagation=False,12.684368841296362,773.2535,773.2535,0.19426537555413187
DIS,finest_scale=1; patch_size=8; patch_stride=4; grad_descent_iter=8; var_refine_iter=5; var_refine_alpha=40.0; var_refine_delta=5.0; var_refine_gamma=5.0; use_mean_normalization=True; use_spatial_propagation=False,12.497733756303472,804.8551,804.8551,0.19656448393583045
DIS,finest_scale=1; patch_size=8; patch_stride=4; grad_descent_iter=8; var_refine_iter=5; var_refine_alpha=40.0; var_refine_delta=5.0; var_refine_gamma=10.0; use_mean_normalization=True; use_spatial_propagation=False,12.949585780217342,733.0862,733.0862,0.19156703245412582
DIS,finest_scale=1; patch_size=8; patch_stride=4; grad_descent_iter=12; var_refine_iter=3; var_refine_alpha=20.0; var_refine_delta=2.0; var_refine_gamma=5.0; use_mean_normalization=True; use_spatial_propagation=False,13.506651603633753,637.6363,637.6363,0.1845695654229688
DIS,finest_scale=1; patch_size=8; patch_stride=4; grad_descent_iter=12; var_refine_iter=3; var_refine_alpha=20.0; var_refine_delta=2.0; var_refine_gamma=10.0; use_mean_normalization=True; use_spatial_propagation=False,13.83694747365312,552.88104,552.88104,0.17704130872303617
DIS,finest_scale=1; patch_size=8; patch_stride=4; grad_descent_iter=12; var_refine_iter=3; var_refine_alpha=20.0; var_refine_delta=5.0; var_refine_gamma=5.0; use_mean_normalization=True; use_spatial_propagation=False,13.737825263131693,586.37976,586.37976,0.18026818004122602
DIS,finest_scale=1; patch_size=8; patch_stride=4; grad_descent_iter=12; var_refine_iter=3; var_refine_alpha=20.0; var_refine_delta=5.0; var_refine_gamma=10.0; use_mean_normalization=True; use_spatial_propagation=False,13.95762701738413,527.9352,527.9352,0.17501324335007157
DIS,finest_scale=1; patch_size=8; patch_stride=4; grad_descent_iter=12; var_refine_iter=3; var_refine_alpha=40.0; var_refine_delta=2.0; var_refine_gamma=5.0; use_mean_normalization=True; use_spatial_propagation=False,13.052006347384225,733.43475,733.43475,0.19242822455093203
DIS,finest_scale=1; patch_size=8; patch_stride=4; grad_descent_iter=12; var_refine_iter=3; var_refine_alpha=40.0; var_refine_delta=2.0; var_refine_gamma=10.0; use_mean_normalization=True; use_spatial_propagation=False,13.39064595495445,662.1437,662.1437,0.18658241340675213
DIS,finest_scale=1; patch_size=8; patch_stride=4; grad_descent_iter=12; var_refine_iter=3; var_refine_alpha=40.0; var_refine_delta=5.0; var_refine_gamma=5.0; use_mean_normalization=True; use_spatial_propagation=False,13.300321512796708,689.01624,689.01624,0.18908451855880604
DIS,finest_scale=1; patch_size=8; patch_stride=4; grad_descent_iter=12; var_refine_iter=3; var_refine_alpha=40.0; var_refine_delta=5.0; var_refine_gamma=10.0; use_mean_normalization=True; use_spatial_propagation=False,13.554473290509543,627.6117,627.6117,0.1837491979771182
DIS,finest_scale=1; patch_size=8; patch_stride=4; grad_descent_iter=12; var_refine_iter=5; var_refine_alpha=20.0; var_refine_delta=2.0; var_refine_gamma=5.0; use_mean_normalization=True; use_spatial_propagation=False,13.393434611221972,670.45984,670.45984,0.1876026608726249
DIS,finest_scale=1; patch_size=8; patch_stride=4; grad_descent_iter=12; var_refine_iter=5; var_refine_alpha=20.0; var_refine_delta=2.0; var_refine_gamma=10.0; use_mean_normalization=True; use_spatial_propagation=False,13.828561974815306,561.74756,561.74756,0.17803820489447736
DIS,finest_scale=1; patch_size=8; patch_stride=4; grad_descent_iter=12; var_refine_iter=5; var_refine_alpha=20.0; var_refine_delta=5.0; var_refine_gamma=5.0; use_mean_normalization=True; use_spatial_propagation=False,13.702311420717084,605.0731,605.0731,0.1822272677562892
DIS,finest_scale=1; patch_size=8; patch_stride=4; grad_descent_iter=12; var_refine_iter=5; var_refine_alpha=20.0; var_refine_delta=5.0; var_refine_gamma=10.0; use_mean_normalization=True; use_spatial_propagation=False,13.988040818062107,527.0458,527.0458,0.17514982418844444
DIS,finest_scale=1; patch_size=8; patch_stride=4; grad_descent_iter=12; var_refine_iter=5; var_refine_alpha=40.0; var_refine_delta=2.0; var_refine_gamma=5.0; use_mean_normalization=True; use_spatial_propagation=False,12.744034606726595,786.674,786.674,0.1963531670253406
DIS,finest_scale=1; patch_size=8; patch_stride=4; grad_descent_iter=12; var_refine_iter=5; var_refine_alpha=40.0; var_refine_delta=2.0; var_refine_gamma=10.0; use_mean_normalization=True; use_spatial_propagation=False,13.234921986514152,698.07837,698.07837,0.18964877929015017
DIS,finest_scale=1; patch_size=8; patch_stride=4; grad_descent_iter=12; var_refine_iter=5; var_refine_alpha=40.0; var_refine_delta=5.0; var_refine_gamma=5.0; use_mean_normalization=True; use_spatial_propagation=False,13.081185377232154,735.3773,735.3773,0.19289476310485143
DIS,finest_scale=1; patch_size=8; patch_stride=4; grad_descent_iter=12; var_refine_iter=5; var_refine_alpha=40.0; var_refine_delta=5.0; var_refine_gamma=10.0; use_mean_normalization=True; use_spatial_propagation=False,13.459185614742797,657.20325,657.20325,0.1865378805363811
Farneback,pyr_scale=0.3; levels=3; winsize=15; iterations=1; poly_n=5; poly_sigma=1.1,13.764915988538913,473.9459,473.9459,0.16699283570602935
Farneback,pyr_scale=0.3; levels=3; winsize=15; iterations=1; poly_n=5; poly_sigma=1.5,13.49706781903106,453.6058,453.6058,0.16240924014641428
Farneback,pyr_scale=0.3; levels=3; winsize=15; iterations=1; poly_n=7; poly_sigma=1.1,13.76498962627991,473.9262,473.9262,0.16699106669919841
Farneback,pyr_scale=0.3; levels=3; winsize=15; iterations=1; poly_n=7; poly_sigma=1.5,13.481851330369441,454.3478,454.3478,0.16237655012583518
Farneback,pyr_scale=0.3; levels=3; winsize=15; iterations=2; poly_n=5; poly_sigma=1.1,14.098785417747226,391.97495,391.97495,0.15982727759060644
Farneback,pyr_scale=0.3; levels=3; winsize=15; iterations=2; poly_n=5; poly_sigma=1.5,13.449777869241979,413.8361,413.8361,0.15725855545487044
Farneback,pyr_scale=0.3; levels=3; winsize=15; iterations=2; poly_n=7; poly_sigma=1.1,14.098782722398463,391.96783,391.96783,0.15982640293633799
Farneback,pyr_scale=0.3; levels=3; winsize=15; iterations=2; poly_n=7; poly_sigma=1.5,13.42414860549967,414.42154,414.42154,0.15712377286938034
Farneback,pyr_scale=0.3; levels=3; winsize=21; iterations=1; poly_n=5; poly_sigma=1.1,13.106830814544523,618.86597,618.86597,0.17911856938651533
Farneback,pyr_scale=0.3; levels=3; winsize=21; iterations=1; poly_n=5; poly_sigma=1.5,13.022600376560613,553.005,553.005,0.17054140330516754
Farneback,pyr_scale=0.3; levels=3; winsize=21; iterations=1; poly_n=7; poly_sigma=1.1,13.106946149075451,618.83386,618.83386,0.17911563266201358
Farneback,pyr_scale=0.3; levels=3; winsize=21; iterations=1; poly_n=7; poly_sigma=1.5,13.016963925858585,551.2754,551.2754,0.1702887608758628
Farneback,pyr_scale=0.3; levels=3; winsize=21; iterations=2; poly_n=5; poly_sigma=1.1,13.538751134097549,502.8448,502.8448,0.16865138588404632
Farneback,pyr_scale=0.3; levels=3; winsize=21; iterations=2; poly_n=5; poly_sigma=1.5,13.046283763634047,490.66293,490.66293,0.1632498243807704
Farneback,pyr_scale=0.3; levels=3; winsize=21; iterations=2; poly_n=7; poly_sigma=1.1,13.538783297956382,502.8309,502.8309,0.16864997426486328
Farneback,pyr_scale=0.3; levels=3; winsize=21; iterations=2; poly_n=7; poly_sigma=1.5,13.026022109585426,489.94904,489.94904,0.16300206064738768
Farneback,pyr_scale=0.3; levels=4; winsize=15; iterations=1; poly_n=5; poly_sigma=1.1,13.764915988538913,473.9459,473.9459,0.16699283570602935
Farneback,pyr_scale=0.3; levels=4; winsize=15; iterations=1; poly_n=5; poly_sigma=1.5,13.49706781903106,453.6058,453.6058,0.16240924014641428
Farneback,pyr_scale=0.3; levels=4; winsize=15; iterations=1; poly_n=7; poly_sigma=1.1,13.76498962627991,473.9262,473.9262,0.16699106669919841
Farneback,pyr_scale=0.3; levels=4; winsize=15; iterations=1; poly_n=7; poly_sigma=1.5,13.481851330369441,454.3478,454.3478,0.16237655012583518
Farneback,pyr_scale=0.3; levels=4; winsize=15; iterations=2; poly_n=5; poly_sigma=1.1,14.098785417747226,391.97495,391.97495,0.15982727759060644
Farneback,pyr_scale=0.3; levels=4; winsize=15; iterations=2; poly_n=5; poly_sigma=1.5,13.449777869241979,413.8361,413.8361,0.15725855545487044
Farneback,pyr_scale=0.3; levels=4; winsize=15; iterations=2; poly_n=7; poly_sigma=1.1,14.098782722398463,391.96783,391.96783,0.15982640293633799
Farneback,pyr_scale=0.3; levels=4; winsize=15; iterations=2; poly_n=7; poly_sigma=1.5,13.42414860549967,414.42154,414.42154,0.15712377286938034
Farneback,pyr_scale=0.3; levels=4; winsize=21; iterations=1; poly_n=5; poly_sigma=1.1,13.106830814544523,618.86597,618.86597,0.17911856938651533
Farneback,pyr_scale=0.3; levels=4; winsize=21; iterations=1; poly_n=5; poly_sigma=1.5,13.022600376560613,553.005,553.005,0.17054140330516754
Farneback,pyr_scale=0.3; levels=4; winsize=21; iterations=1; poly_n=7; poly_sigma=1.1,13.106946149075451,618.83386,618.83386,0.17911563266201358
Farneback,pyr_scale=0.3; levels=4; winsize=21; iterations=1; poly_n=7; poly_sigma=1.5,13.016963925858585,551.2754,551.2754,0.1702887608758628
Farneback,pyr_scale=0.3; levels=4; winsize=21; iterations=2; poly_n=5; poly_sigma=1.1,13.538751134097549,502.8448,502.8448,0.16865138588404632
Farneback,pyr_scale=0.3; levels=4; winsize=21; iterations=2; poly_n=5; poly_sigma=1.5,13.046283763634047,490.66293,490.66293,0.1632498243807704
Farneback,pyr_scale=0.3; levels=4; winsize=21; iterations=2; poly_n=7; poly_sigma=1.1,13.538783297956382,502.8309,502.8309,0.16864997426486328
Farneback,pyr_scale=0.3; levels=4; winsize=21; iterations=2; poly_n=7; poly_sigma=1.5,13.026022109585426,489.94904,489.94904,0.16300206064738768
Farneback,pyr_scale=0.5; levels=3; winsize=15; iterations=1; poly_n=5; poly_sigma=1.1,14.163302247291586,383.7303,383.7303,0.15935405335478608
Farneback,pyr_scale=0.5; levels=3; winsize=15; iterations=1; poly_n=5; poly_sigma=1.5,13.664911312313603,401.63126,401.63126,0.1575150437450546
Farneback,pyr_scale=0.5; levels=3; winsize=15; iterations=1; poly_n=7; poly_sigma=1.1,14.163307052640851,383.7195,383.7195,0.15935279912184663
Farneback,pyr_scale=0.5; levels=3; winsize=15; iterations=1; poly_n=7; poly_sigma=1.5,13.64695022007292,401.6322,401.6322,0.15737146676583813
Farneback,pyr_scale=0.5; levels=3; winsize=15; iterations=2; poly_n=5; poly_sigma=1.1,14.290129375061857,357.1192,357.1192,0.15717534408252612
Farneback,pyr_scale=0.5; levels=3; winsize=15; iterations=2; poly_n=5; poly_sigma=1.5,13.622744269660668,387.7964,387.7964,0.1555175206064507
Farneback,pyr_scale=0.5; levels=3; winsize=15; iterations=2; poly_n=7; poly_sigma=1.1,14.290118131104776,357.11896,357.11896,0.15717522060325678
Farneback,pyr_scale=0.5; levels=3; winsize=15; iterations=2; poly_n=7; poly_sigma=1.5,13.59670153551877,388.60138,388.60138,0.15540577923604493
Farneback,pyr_scale=0.5; levels=3; winsize=21; iterations=1; poly_n=5; poly_sigma=1.1,13.587675583911704,493.67056,493.67056,0.16794187251768722
Farneback,pyr_scale=0.5; levels=3; winsize=21; iterations=1; poly_n=5; poly_sigma=1.5,13.374730959675134,460.91583,460.91583,0.16230775055401658
Farneback,pyr_scale=0.5; levels=3; winsize=21; iterations=1; poly_n=7; poly_sigma=1.1,13.587754943143313,493.64813,493.64813,0.1679398177319446
Farneback,pyr_scale=0.5; levels=3; winsize=21; iterations=1; poly_n=7; poly_sigma=1.5,13.362248147420242,459.3317,459.3317,0.16201779021733725
Farneback,pyr_scale=0.5; levels=3; winsize=21; iterations=2; poly_n=5; poly_sigma=1.1,13.883085684102753,429.88028,429.88028,0.16265032250580772
Farneback,pyr_scale=0.5; levels=3; winsize=21; iterations=2; poly_n=5; poly_sigma=1.5,13.427036647983325,434.53467,434.53467,0.1595604555407201
Farneback,pyr_scale=0.5; levels=3; winsize=21; iterations=2; poly_n=7; poly_sigma=1.1,13.88310985660274,429.86777,429.86777,0.16264901459381734
Farneback,pyr_scale=0.5; levels=3; winsize=21; iterations=2; poly_n=7; poly_sigma=1.5,13.404016563432327,434.4563,434.4563,0.15936688850630848
Farneback,pyr_scale=0.5; levels=4; winsize=15; iterations=1; poly_n=5; poly_sigma=1.1,14.163302247291586,383.7303,383.7303,0.15935405335478608
Farneback,pyr_scale=0.5; levels=4; winsize=15; iterations=1; poly_n=5; poly_sigma=1.5,13.664911312313603,401.63126,401.63126,0.1575150437450546
Farneback,pyr_scale=0.5; levels=4; winsize=15; iterations=1; poly_n=7; poly_sigma=1.1,14.163307052640851,383.7195,383.7195,0.15935279912184663
Farneback,pyr_scale=0.5; levels=4; winsize=15; iterations=1; poly_n=7; poly_sigma=1.5,13.64695022007292,401.6322,401.6322,0.15737146676583813
Farneback,pyr_scale=0.5; levels=4; winsize=15; iterations=2; poly_n=5; poly_sigma=1.1,14.290129375061857,357.1192,357.1192,0.15717534408252612
Farneback,pyr_scale=0.5; levels=4; winsize=15; iterations=2; poly_n=5; poly_sigma=1.5,13.622744269660668,387.7964,387.7964,0.1555175206064507
Farneback,pyr_scale=0.5; levels=4; winsize=15; iterations=2; poly_n=7; poly_sigma=1.1,14.290118131104776,357.11896,357.11896,0.15717522060325678
Farneback,pyr_scale=0.5; levels=4; winsize=15; iterations=2; poly_n=7; poly_sigma=1.5,13.59670153551877,388.60138,388.60138,0.15540577923604493
Farneback,pyr_scale=0.5; levels=4; winsize=21; iterations=1; poly_n=5; poly_sigma=1.1,13.587675583911704,493.67056,493.67056,0.16794187251768722
Farneback,pyr_scale=0.5; levels=4; winsize=21; iterations=1; poly_n=5; poly_sigma=1.5,13.374730959675134,460.91583,460.91583,0.16230775055401658
Farneback,pyr_scale=0.5; levels=4; winsize=21; iterations=1; poly_n=7; poly_sigma=1.1,13.587754943143313,493.64813,493.64813,0.1679398177319446
Farneback,pyr_scale=0.5; levels=4; winsize=21; iterations=1; poly_n=7; poly_sigma=1.5,13.362248147420242,459.3317,459.3317,0.16201779021733725
Farneback,pyr_scale=0.5; levels=4; winsize=21; iterations=2; poly_n=5; poly_sigma=1.1,13.883085684102753,429.88028,429.88028,0.16265032250580772
Farneback,pyr_scale=0.5; levels=4; winsize=21; iterations=2; poly_n=5; poly_sigma=1.5,13.427036647983325,434.53467,434.53467,0.1595604555407201
Farneback,pyr_scale=0.5; levels=4; winsize=21; iterations=2; poly_n=7; poly_sigma=1.1,13.88310985660274,429.86777,429.86777,0.16264901459381734
Farneback,pyr_scale=0.5; levels=4; winsize=21; iterations=2; poly_n=7; poly_sigma=1.5,13.404016563432327,434.4563,434.4563,0.15936688850630848
Farneback,pyr_scale=0.7; levels=3; winsize=15; iterations=1; poly_n=5; poly_sigma=1.1,13.643961167531955,430.28638,430.28638,0.16078605689563552
Farneback,pyr_scale=0.7; levels=3; winsize=15; iterations=1; poly_n=5; poly_sigma=1.5,13.612838721842717,390.9549,390.9549,0.1558173021600338
Farneback,pyr_scale=0.7; levels=3; winsize=15; iterations=1; poly_n=7; poly_sigma=1.1,13.644060863527013,430.27353,430.27353,0.1607853121934124
Farneback,pyr_scale=0.7; levels=3; winsize=15; iterations=1; poly_n=7; poly_sigma=1.5,13.593324047282612,390.96417,390.96417,0.1556622986253522
Farneback,pyr_scale=0.7; levels=3; winsize=15; iterations=2; poly_n=5; poly_sigma=1.1,14.258600946807217,352.6336,352.6336,0.15638484201068364
Farneback,pyr_scale=0.7; levels=3; winsize=15; iterations=2; poly_n=5; poly_sigma=1.5,13.619840532835957,383.00528,383.00528,0.15491935920951078
Farneback,pyr_scale=0.7; levels=3; winsize=15; iterations=2; poly_n=7; poly_sigma=1.1,14.258592683079803,352.63483,352.63483,0.15638492118718594
Farneback,pyr_scale=0.7; levels=3; winsize=15; iterations=2; poly_n=7; poly_sigma=1.5,13.593099071481694,383.96503,383.96503,0.1548205985935439
Farneback,pyr_scale=0.7; levels=3; winsize=21; iterations=1; poly_n=5; poly_sigma=1.1,13.401364838875798,493.33878,493.33878,0.16641157437998033
Farneback,pyr_scale=0.7; levels=3; winsize=21; iterations=1; poly_n=5; poly_sigma=1.5,13.452631342353067,438.36343,438.36343,0.16022466432405824
Farneback,pyr_scale=0.7; levels=3; winsize=21; iterations=1; poly_n=7; poly_sigma=1.1,13.401491963632449,493.3128,493.3128,0.16640947703534398
Farneback,pyr_scale=0.7; levels=3; winsize=21; iterations=1; poly_n=7; poly_sigma=1.5,13.43645878165546,437.2194,437.2194,0.15995799944039846
Farneback,pyr_scale=0.7; levels=3; winsize=21; iterations=2; poly_n=5; poly_sigma=1.1,13.988922210084336,411.91904,411.91904,0.1613416623298084
Farneback,pyr_scale=0.7; levels=3; winsize=21; iterations=2; poly_n=5; poly_sigma=1.5,13.457856427833221,424.93433,424.93433,0.1586549714800102
Farneback,pyr_scale=0.7; levels=3; winsize=21; iterations=2; poly_n=7; poly_sigma=1.1,13.988924251201516,411.9126,411.9126,0.16134091124894434
Farneback,pyr_scale=0.7; levels=3; winsize=21; iterations=2; poly_n=7; poly_sigma=1.5,13.432972542607255,425.10117,425.10117,0.15847592383355671
Farneback,pyr_scale=0.7; levels=4; winsize=15; iterations=1; poly_n=5; poly_sigma=1.1,14.316334461799965,358.65176,358.65176,0.15756888745730485
Farneback,pyr_scale=0.7; levels=4; winsize=15; iterations=1; poly_n=5; poly_sigma=1.5,13.726953762281232,384.49017,384.49017,0.155954453130629
Farneback,pyr_scale=0.7; levels=4; winsize=15; iterations=1; poly_n=7; poly_sigma=1.1,14.31634458218808,358.64862,358.64862,0.1575685958913799
Farneback,pyr_scale=0.7; levels=4; winsize=15; iterations=1; poly_n=7; poly_sigma=1.5,13.70412366126321,384.6919,384.6919,0.15579601553355393
Farneback,pyr_scale=0.7; levels=4; winsize=15; iterations=2; poly_n=5; poly_sigma=1.1,14.40070205439083,343.65427,343.65427,0.15644412927897391
Farneback,pyr_scale=0.7; levels=4; winsize=15; iterations=2; poly_n=5; poly_sigma=1.5,13.65321659017368,383.9071,383.9071,0.15529458735138285
Farneback,pyr_scale=0.7; levels=4; winsize=15; iterations=2; poly_n=7; poly_sigma=1.1,14.400687540858678,343.64633,343.64633,0.1564430632216906
Farneback,pyr_scale=0.7; levels=4; winsize=15; iterations=2; poly_n=7; poly_sigma=1.5,13.625588696464362,384.8852,384.8852,0.1551909331978517
Farneback,pyr_scale=0.7; levels=4; winsize=21; iterations=1; poly_n=5; poly_sigma=1.1,13.941452619814806,433.80493,433.80493,0.163588212916326
Farneback,pyr_scale=0.7; levels=4; winsize=21; iterations=1; poly_n=5; poly_sigma=1.5,13.524122129370747,435.31537,435.31537,0.1604308229922452
Farneback,pyr_scale=0.7; levels=4; winsize=21; iterations=1; poly_n=7; poly_sigma=1.1,13.941496306047764,433.78485,433.78485,0.16358615214336653
Farneback,pyr_scale=0.7; levels=4; winsize=21; iterations=1; poly_n=7; poly_sigma=1.5,13.505327093586653,434.3317,434.3317,0.16016242315757537
Farneback,pyr_scale=0.7; levels=4; winsize=21; iterations=2; poly_n=5; poly_sigma=1.1,14.108437607434908,406.57236,406.57236,0.16165618621108946
Farneback,pyr_scale=0.7; levels=4; winsize=21; iterations=2; poly_n=5; poly_sigma=1.5,13.476890434405657,425.7032,425.7032,0.15889950779741172
Farneback,pyr_scale=0.7; levels=4; winsize=21; iterations=2; poly_n=7; poly_sigma=1.1,14.108447717697654,406.5646,406.5646,0.1616553394959071
Farneback,pyr_scale=0.7; levels=4; winsize=21; iterations=2; poly_n=7; poly_sigma=1.5,13.452111224761257,425.86758,425.86758,0.15872100325767716
